"P & C Collateral (Non-Auto, Non-Homeowners)",Enterprise Collateral,Enterprise Tenure,Business Type,RELATIONSHIP
PA,EA,CA,BA,ASA
PA,EA,CA,BB,ASA
PA,EA,CA,BC,ASA
PA,EA,CA,BD,ASA
PA,EA,CB,BA,ASA
PA,EA,CB,BB,ASA
PA,EA,CB,BC,ASA
PA,EA,CB,BD,ASA
PA,EA,CC,BD,ASC
PA,EA,CD,BA,ASD
PA,EA,CD,BB,ASD
PA,EA,CD,BC,ASD
PA,EA,CD,BD,ASD
PA,EA,CE,BA,ASE
PA,EA,CE,BB,ASE
PA,EA,CE,BC,ASE
PA,EA,CE,BD,ASE
PA,EA,CF,BA,ASF
PA,EA,CF,BB,ASF
PA,EA,CF,BC,ASF
PA,EA,CF,BD,ASF
PA,EA,CG,BA,ASG
PA,EA,CG,BB,ASG
PA,EA,CG,BC,ASG
PA,EA,CG,BD,ASG
PA,EB,CA,BA,ASB
PA,EB,CA,BB,ASB
PA,EB,CA,BC,ASB
PA,EB,CA,BD,ASB
PA,EB,CB,BA,ASC
PA,EB,CB,BB,ASC
PA,EB,CB,BC,ASC
PA,EB,CB,BD,ASC
PA,EB,CC,BA,ASD
PA,EB,CC,BB,ASD
PA,EB,CC,BC,ASD
PA,EB,CC,BD,ASD
PA,EB,CD,BA,ASE
PA,EB,CD,BB,ASE
PA,EB,CD,BC,ASE
PA,EB,CD,BD,ASE
PA,EB,CE,BA,ASF
PA,EB,CE,BB,ASF
PA,EB,CE,BC,ASF
PA,EB,CE,BD,ASF
PA,EB,CF,BA,ASG
PA,EB,CF,BB,ASG
PA,EB,CF,BC,ASG
PA,EB,CF,BD,ASG
PA,EB,CG,BA,ASH
PA,EB,CG,BB,ASH
PA,EB,CG,BC,ASH
PA,EB,CG,BD,ASH
PA,EC,CA,BA,ASB
PA,EC,CA,BB,ASB
PA,EC,CA,BC,ASB
PA,EC,CA,BD,ASB
PA,EC,CB,BA,ASC
PA,EC,CB,BB,ASC
PA,EC,CB,BC,ASC
PA,EC,CB,BD,ASC
PA,EC,CC,BA,ASD
PA,EC,CC,BB,ASD
PA,EC,CC,BC,ASD
PA,EC,CC,BD,ASD
PA,EC,CD,BA,ASE
PA,EC,CD,BB,ASE
PA,EC,CD,BC,ASE
PA,EC,CD,BD,ASE
PA,EC,CE,BA,ASF
PA,EC,CE,BB,ASF
PA,EC,CE,BC,ASF
PA,EC,CE,BD,ASF
PA,EC,CF,BA,ASG
PA,EC,CF,BB,ASG
PA,EC,CF,BC,ASG
PA,EC,CF,BD,ASG
PA,EC,CG,BA,ASH
PA,EC,CG,BB,ASH
PA,EC,CG,BC,ASH
PA,EC,CG,BD,ASH
PA,ED,CA,BA,ASB
PA,ED,CA,BB,ASB
PA,ED,CA,BC,ASB
PA,ED,CA,BD,ASB
PA,ED,CB,BA,ASC
PA,ED,CB,BB,ASC
PA,ED,CB,BC,ASC
PA,ED,CB,BD,ASC
PA,ED,CC,BA,ASD
PA,ED,CC,BB,ASD
PA,ED,CC,BC,ASD
PA,ED,CC,BD,ASD
PA,ED,CD,BA,ASE
PA,ED,CD,BB,ASE
PA,ED,CD,BC,ASE
PA,ED,CD,BD,ASE
PA,ED,CE,BA,ASF
PA,ED,CE,BB,ASF
PA,ED,CE,BC,ASF
PA,ED,CE,BD,ASF
PA,ED,CF,BA,ASG
PA,ED,CF,BB,ASG
PA,ED,CF,BC,ASG
PA,ED,CF,BD,ASG
PA,ED,CG,BA,ASH
PA,ED,CG,BB,ASH
PA,ED,CG,BC,ASH
PA,ED,CG,BD,ASH
PA,EE,CA,BA,ASC
PA,EE,CA,BB,ASC
PA,EE,CA,BC,ASC
PA,EE,CA,BD,ASC
PA,EE,CB,BA,ASD
PA,EE,CB,BB,ASD
PA,EE,CB,BC,ASD
PA,EE,CB,BD,ASD
PA,EE,CC,BA,ASE
PA,EE,CC,BB,ASE
PA,EE,CC,BC,ASE
PA,EE,CC,BD,ASE
PA,EE,CD,BA,ASF
PA,EE,CD,BB,ASF
PA,EE,CD,BC,ASF
PA,EE,CD,BD,ASF
PA,EE,CE,BA,ASG
PA,EE,CE,BB,ASG
PA,EE,CE,BC,ASG
PA,EE,CE,BD,ASG
PA,EE,CF,BA,ASH
PA,EE,CF,BB,ASH
PA,EE,CF,BC,ASH
PA,EE,CF,BD,ASH
PA,EE,CG,BA,ASI
PA,EE,CG,BB,ASI
PA,EE,CG,BC,ASI
PA,EE,CG,BD,ASI
PA,EF,CA,BA,ASC
PA,EF,CA,BB,ASC
PA,EF,CA,BC,ASC
PA,EF,CA,BD,ASC
PA,EF,CB,BA,ASD
PA,EF,CB,BB,ASD
PA,EF,CB,BC,ASD
PA,EF,CB,BD,ASD
PA,EF,CC,BA,ASE
PA,EF,CC,BB,ASE
PA,EF,CC,BC,ASE
PA,EF,CC,BD,ASE
PA,EF,CD,BA,ASF
PA,EF,CD,BB,ASF
PA,EF,CD,BC,ASF
PA,EF,CD,BD,ASF
PA,EF,CE,BA,ASG
PA,EF,CE,BB,ASG
PA,EF,CE,BC,ASG
PA,EF,CE,BD,ASG
PA,EF,CF,BA,ASH
PA,EF,CF,BB,ASH
PA,EF,CF,BC,ASH
PA,EF,CF,BD,ASH
PA,EF,CG,BA,ASI
PA,EF,CG,BB,ASI
PA,EF,CG,BC,ASI
PA,EF,CG,BD,ASI
PA,EG,CA,BA,ASC
PA,EG,CA,BB,ASC
PA,EG,CA,BC,ASC
PA,EG,CA,BD,ASC
PA,EG,CB,BA,ASD
PA,EG,CB,BB,ASD
PA,EG,CB,BC,ASD
PA,EG,CB,BD,ASD
PA,EG,CC,BA,ASE
PA,EG,CC,BB,ASE
PA,EG,CC,BC,ASE
PA,EG,CC,BD,ASE
PA,EG,CD,BA,ASF
PA,EG,CD,BB,ASF
PA,EG,CD,BC,ASF
PA,EG,CD,BD,ASF
PA,EG,CE,BA,ASG
PA,EG,CE,BB,ASG
PA,EG,CE,BC,ASG
PA,EG,CE,BD,ASG
PA,EG,CF,BA,ASH
PA,EG,CF,BB,ASH
PA,EG,CF,BC,ASH
PA,EG,CF,BD,ASH
PA,EG,CG,BA,ASI
PA,EG,CG,BB,ASI
PA,EG,CG,BC,ASI
PA,EG,CG,BD,ASI
PA,EH,CA,BA,ASD
PA,EH,CA,BB,ASD
PA,EH,CA,BC,ASD
PA,EH,CA,BD,ASD
PA,EH,CB,BA,ASE
PA,EH,CB,BB,ASE
PA,EH,CB,BC,ASE
PA,EH,CB,BD,ASE
PA,EH,CC,BA,ASF
PA,EH,CC,BB,ASF
PA,EH,CC,BC,ASF
PA,EH,CC,BD,ASF
PA,EH,CD,BA,ASG
PA,EH,CD,BB,ASG
PA,EH,CD,BC,ASG
PA,EH,CD,BD,ASG
PA,EH,CE,BA,ASH
PA,EH,CE,BB,ASH
PA,EH,CE,BC,ASH
PA,EH,CE,BD,ASH
PA,EH,CF,BA,ASI
PA,EH,CF,BB,ASI
PA,EH,CF,BC,ASI
PA,EH,CF,BD,ASI
PA,EH,CG,BA,ASJ
PA,EH,CG,BB,ASJ
PA,EH,CG,BC,ASJ
PA,EH,CG,BD,ASJ
PB,EA,CA,BA,ASA
PB,EA,CA,BB,ASA
PB,EA,CA,BC,ASA
PB,EA,CA,BD,ASA
PB,EA,CB,BA,ASB
PB,EA,CB,BB,ASB
PB,EA,CB,BC,ASB
PB,EA,CB,BD,ASB
PB,EA,CC,BA,ASC
PB,EA,CC,BB,ASC
PB,EA,CC,BC,ASC
PB,EA,CC,BD,ASC
PB,EA,CD,BA,ASD
PB,EA,CD,BB,ASD
PB,EA,CD,BC,ASD
PB,EA,CD,BD,ASD
PB,EA,CE,BA,ASE
PB,EA,CE,BB,ASE
PB,EA,CE,BC,ASE
PB,EA,CE,BD,ASE
PB,EA,CF,BA,ASF
PB,EA,CF,BB,ASF
PB,EA,CF,BC,ASF
PB,EA,CF,BD,ASF
PB,EA,CG,BA,ASG
PB,EA,CG,BB,ASG
PB,EA,CG,BC,ASG
PB,EA,CG,BD,ASG
PB,EB,CA,BA,ASB
PB,EB,CA,BB,ASB
PB,EB,CA,BC,ASB
PB,EB,CA,BD,ASB
PB,EB,CB,BA,ASC
PB,EB,CB,BB,ASC
PB,EB,CB,BC,ASC
PB,EB,CB,BD,ASC
PB,EB,CC,BA,ASD
PB,EB,CC,BB,ASD
PB,EB,CC,BC,ASD
PB,EB,CC,BD,ASD
PB,EB,CD,BA,ASE
PB,EB,CD,BB,ASE
PB,EB,CD,BC,ASE
PB,EB,CD,BD,ASE
PB,EB,CE,BA,ASF
PB,EB,CE,BB,ASF
PB,EB,CE,BC,ASF
PB,EB,CE,BD,ASF
PB,EB,CF,BA,ASG
PB,EB,CF,BB,ASG
PB,EB,CF,BC,ASG
PB,EB,CF,BD,ASG
PB,EB,CG,BA,ASH
PB,EB,CG,BB,ASH
PB,EB,CG,BC,ASH
PB,EB,CG,BD,ASH
PB,EC,CA,BA,ASB
PB,EC,CA,BB,ASB
PB,EC,CA,BC,ASB
PB,EC,CA,BD,ASB
PB,EC,CB,BA,ASC
PB,EC,CB,BB,ASC
PB,EC,CB,BC,ASC
PB,EC,CB,BD,ASC
PB,EC,CC,BA,ASD
PB,EC,CC,BB,ASD
PB,EC,CC,BC,ASD
PB,EC,CC,BD,ASD
PB,EC,CD,BA,ASE
PB,EC,CD,BB,ASE
PB,EC,CD,BC,ASE
PB,EC,CD,BD,ASE
PB,EC,CE,BA,ASF
PB,EC,CE,BB,ASF
PB,EC,CE,BC,ASF
PB,EC,CE,BD,ASF
PB,EC,CF,BA,ASG
PB,EC,CF,BB,ASG
PB,EC,CF,BC,ASG
PB,EC,CF,BD,ASG
PB,EC,CG,BA,ASH
PB,EC,CG,BB,ASH
PB,EC,CG,BC,ASH
PB,EC,CG,BD,ASH
PB,ED,CA,BA,ASB
PB,ED,CA,BB,ASB
PB,ED,CA,BC,ASB
PB,ED,CA,BD,ASB
PB,ED,CB,BA,ASC
PB,ED,CB,BB,ASC
PB,ED,CB,BC,ASC
PB,ED,CB,BD,ASC
PB,ED,CC,BA,ASD
PB,ED,CC,BB,ASD
PB,ED,CC,BC,ASD
PB,ED,CC,BD,ASD
PB,ED,CD,BA,ASE
PB,ED,CD,BB,ASE
PB,ED,CD,BC,ASE
PB,ED,CD,BD,ASE
PB,ED,CE,BA,ASF
PB,ED,CE,BB,ASF
PB,ED,CE,BC,ASF
PB,ED,CE,BD,ASF
PB,ED,CF,BA,ASG
PB,ED,CF,BB,ASG
PB,ED,CF,BC,ASG
PB,ED,CF,BD,ASG
PB,ED,CG,BA,ASH
PB,ED,CG,BB,ASH
PB,ED,CG,BC,ASH
PB,ED,CG,BD,ASH
PB,EE,CA,BA,ASC
PB,EE,CA,BB,ASC
PB,EE,CA,BC,ASC
PB,EE,CA,BD,ASC
PB,EE,CB,BA,ASD
PB,EE,CB,BB,ASD
PB,EE,CB,BC,ASD
PB,EE,CB,BD,ASD
PB,EE,CC,BA,ASE
PB,EE,CC,BB,ASE
PB,EE,CC,BC,ASE
PB,EE,CC,BD,ASE
PB,EE,CD,BA,ASF
PB,EE,CD,BB,ASF
PB,EE,CD,BC,ASF
PB,EE,CD,BD,ASF
PB,EE,CE,BA,ASG
PB,EE,CE,BB,ASG
PB,EE,CE,BC,ASG
PB,EE,CE,BD,ASG
PB,EE,CF,BA,ASH
PB,EE,CF,BB,ASH
PB,EE,CF,BC,ASH
PB,EE,CF,BD,ASH
PB,EE,CG,BA,ASI
PB,EE,CG,BB,ASI
PB,EE,CG,BC,ASI
PB,EE,CG,BD,ASI
PB,EF,CA,BA,ASC
PB,EF,CA,BB,ASC
PB,EF,CA,BC,ASC
PB,EF,CA,BD,ASC
PB,EF,CB,BA,ASD
PB,EF,CB,BB,ASD
PB,EF,CB,BC,ASD
PB,EF,CB,BD,ASD
PB,EF,CC,BA,ASE
PB,EF,CC,BB,ASE
PB,EF,CC,BC,ASE
PB,EF,CC,BD,ASE
PB,EF,CD,BA,ASF
PB,EF,CD,BB,ASF
PB,EF,CD,BC,ASF
PB,EF,CD,BD,ASF
PB,EF,CE,BA,ASG
PB,EF,CE,BB,ASG
PB,EF,CE,BC,ASG
PB,EF,CE,BD,ASG
PB,EF,CF,BA,ASH
PB,EF,CF,BB,ASH
PB,EF,CF,BC,ASH
PB,EF,CF,BD,ASH
PB,EF,CG,BA,ASI
PB,EF,CG,BB,ASI
PB,EF,CG,BC,ASI
PB,EF,CG,BD,ASI
PB,EG,CA,BA,ASC
PB,EG,CA,BB,ASC
PB,EG,CA,BC,ASC
PB,EG,CA,BD,ASC
PB,EG,CB,BA,ASD
PB,EG,CB,BB,ASD
PB,EG,CB,BC,ASD
PB,EG,CB,BD,ASD
PB,EG,CC,BA,ASE
PB,EG,CC,BB,ASE
PB,EG,CC,BC,ASE
PB,EG,CC,BD,ASE
PB,EG,CD,BA,ASF
PB,EG,CD,BB,ASF
PB,EG,CD,BC,ASF
PB,EG,CD,BD,ASF
PB,EG,CE,BA,ASG
PB,EG,CE,BB,ASG
PB,EG,CE,BC,ASG
PB,EG,CE,BD,ASG
PB,EG,CF,BA,ASH
PB,EG,CF,BB,ASH
PB,EG,CF,BC,ASH
PB,EG,CF,BD,ASH
PB,EG,CG,BA,ASI
PB,EG,CG,BB,ASI
PB,EG,CG,BC,ASI
PB,EG,CG,BD,ASI
PB,EH,CA,BA,ASD
PB,EH,CA,BB,ASD
PB,EH,CA,BC,ASD
PB,EH,CA,BD,ASD
PB,EH,CB,BA,ASE
PB,EH,CB,BB,ASE
PB,EH,CB,BC,ASE
PB,EH,CB,BD,ASE
PB,EH,CC,BA,ASF
PB,EH,CC,BB,ASF
PB,EH,CC,BC,ASF
PB,EH,CC,BD,ASF
PB,EH,CD,BA,ASG
PB,EH,CD,BB,ASG
PB,EH,CD,BC,ASG
PB,EH,CD,BD,ASG
PB,EH,CE,BA,ASH
PB,EH,CE,BB,ASH
PB,EH,CE,BC,ASH
PB,EH,CE,BD,ASH
PB,EH,CF,BA,ASI
PB,EH,CF,BB,ASI
PB,EH,CF,BC,ASI
PB,EH,CF,BD,ASI
PB,EH,CG,BA,ASJ
PB,EH,CG,BB,ASJ
PB,EH,CG,BC,ASJ
PB,EH,CG,BD,ASJ
PC,EA,CA,BA,ASA
PC,EA,CA,BB,ASA
PC,EA,CA,BC,ASA
PC,EA,CA,BD,ASA
PC,EA,CB,BA,ASB
PC,EA,CB,BB,ASB
PC,EA,CB,BC,ASB
PC,EA,CB,BD,ASB
PC,EA,CC,BA,ASC
PC,EA,CC,BB,ASC
PC,EA,CC,BC,ASC
PC,EA,CC,BD,ASC
PC,EA,CD,BA,ASD
PC,EA,CD,BB,ASD
PC,EA,CD,BC,ASD
PC,EA,CD,BD,ASD
PC,EA,CE,BA,ASE
PC,EA,CE,BB,ASE
PC,EA,CE,BC,ASE
PC,EA,CE,BD,ASE
PC,EA,CF,BA,ASF
PC,EA,CF,BB,ASF
PC,EA,CF,BC,ASF
PC,EA,CF,BD,ASF
PC,EA,CG,BA,ASG
PC,EA,CG,BB,ASG
PC,EA,CG,BC,ASG
PC,EA,CG,BD,ASG
PC,EB,CA,BA,ASB
PC,EB,CA,BB,ASB
PC,EB,CA,BC,ASB
PC,EB,CA,BD,ASB
PC,EB,CB,BA,ASC
PC,EB,CB,BB,ASC
PC,EB,CB,BC,ASC
PC,EB,CB,BD,ASC
PC,EB,CC,BA,ASD
PC,EB,CC,BB,ASD
PC,EB,CC,BC,ASD
PC,EB,CC,BD,ASD
PC,EB,CD,BA,ASE
PC,EB,CD,BB,ASE
PC,EB,CD,BC,ASE
PC,EB,CD,BD,ASE
PC,EB,CE,BA,ASF
PC,EB,CE,BB,ASF
PC,EB,CE,BC,ASF
PC,EB,CE,BD,ASF
PC,EB,CF,BA,ASG
PC,EB,CF,BB,ASG
PC,EB,CF,BC,ASG
PC,EB,CF,BD,ASG
PC,EB,CG,BA,ASH
PC,EB,CG,BB,ASH
PC,EB,CG,BC,ASH
PC,EB,CG,BD,ASH
PC,EC,CA,BA,ASB
PC,EC,CA,BB,ASB
PC,EC,CA,BC,ASB
PC,EC,CA,BD,ASB
PC,EC,CB,BA,ASC
PC,EC,CB,BB,ASC
PC,EC,CB,BC,ASC
PC,EC,CB,BD,ASC
PC,EC,CC,BA,ASD
PC,EC,CC,BB,ASD
PC,EC,CC,BC,ASD
PC,EC,CC,BD,ASD
PC,EC,CD,BA,ASE
PC,EC,CD,BB,ASE
PC,EC,CD,BC,ASE
PC,EC,CD,BD,ASE
PC,EC,CE,BA,ASF
PC,EC,CE,BB,F
PC,EC,CE,BC,ASF
PC,EC,CE,BD,ASF
PC,EC,CF,BA,ASG
PC,EC,CF,BB,ASG
PC,EC,CF,BC,ASG
PC,EC,CF,BD,ASG
PC,EC,CG,BA,ASH
PC,EC,CG,BB,ASH
PC,EC,CG,BC,ASH
PC,EC,CG,BD,ASH
PC,ED,CA,BA,ASB
PC,ED,CA,BB,ASB
PC,ED,CA,BC,ASB
PC,ED,CA,BD,ASB
PC,ED,CB,BA,ASC
PC,ED,CB,BB,ASC
PC,ED,CB,BC,ASC
PC,ED,CB,BD,ASC
PC,ED,CC,BA,ASD
PC,ED,CC,BB,ASD
PC,ED,CC,BC,ASD
PC,ED,CC,BD,ASD
PC,ED,CD,BA,ASE
PC,ED,CD,BB,ASE
PC,ED,CD,BC,ASE
PC,ED,CD,BD,ASE
PC,ED,CE,BA,ASF
PC,ED,CE,BB,ASF
PC,ED,CE,BC,ASF
PC,ED,CE,BD,ASF
PC,ED,CF,BA,ASG
PC,ED,CF,BB,ASG
PC,ED,CF,BC,ASG
PC,ED,CF,BD,ASG
PC,ED,CG,BA,ASH
PC,ED,CG,BB,ASH
PC,ED,CG,BC,ASH
PC,ED,CG,BD,ASH
PC,EE,CA,BA,ASC
PC,EE,CA,BB,ASC
PC,EE,CA,BC,ASC
PC,EE,CA,BD,ASC
PC,EE,CB,BA,ASD
PC,EE,CB,BB,ASD
PC,EE,CB,BC,ASD
PC,EE,CB,BD,ASD
PC,EE,CC,BA,ASE
PC,EE,CC,BB,ASE
PC,EE,CC,BC,ASE
PC,EE,CC,BD,ASE
PC,EE,CD,BA,ASF
PC,EE,CD,BB,ASF
PC,EE,CD,BC,ASF
PC,EE,CD,BD,ASF
PC,EE,CE,BA,ASG
PC,EE,CE,BB,ASG
PC,EE,CE,BC,ASG
PC,EE,CE,BD,ASG
PC,EE,CF,BA,ASH
PC,EE,CF,BB,ASH
PC,EE,CF,BC,ASH
PC,EE,CF,BD,ASH
PC,EE,CG,BA,ASI
PC,EE,CG,BB,ASI
PC,EE,CG,BC,ASI
PC,EE,CG,BD,ASI
PC,EF,CA,BA,ASC
PC,EF,CA,BB,ASC
PC,EF,CA,BC,ASC
PC,EF,CA,BD,ASC
PC,EF,CB,BA,ASD
PC,EF,CB,BB,ASD
PC,EF,CB,BC,ASD
PC,EF,CB,BD,ASD
PC,EF,CC,BA,ASE
PC,EF,CC,BB,ASE
PC,EF,CC,BC,ASE
PC,EF,CC,BD,ASE
PC,EF,CD,BA,ASF
PC,EF,CD,BB,ASF
PC,EF,CD,BC,ASF
PC,EF,CD,BD,ASG
PC,EF,CE,BA,ASG
PC,EF,CE,BB,ASG
PC,EF,CE,BC,ASG
PC,EF,CE,BD,ASG
PC,EF,CF,BA,ASH
PC,EF,CF,BB,ASH
PC,EF,CF,BC,ASH
PC,EF,CF,BD,ASH
PC,EF,CG,BA,ASI
PC,EF,CG,BB,ASI
PC,EF,CG,BC,ASI
PC,EF,CG,BD,ASI
PC,EG,CA,BA,ASC
PC,EG,CA,BB,ASC
PC,EG,CA,BC,ASC
PC,EG,CA,BD,ASC
PC,EG,CB,BA,ASD
PC,EG,CB,BB,ASD
PC,EG,CB,BC,ASD
PC,EG,CB,BD,ASD
PC,EG,CC,BA,ASE
PC,EG,CC,BB,ASE
PC,EG,CC,BC,ASE
PC,EG,CC,BD,ASE
PC,EG,CD,BA,ASF
PC,EG,CD,BB,ASF
PC,EG,CD,BC,ASF
PC,EG,CD,BD,ASF
PC,EG,CE,BA,ASG
PC,EG,CE,BB,ASG
PC,EG,CE,BC,ASG
PC,EG,CE,BD,ASG
PC,EG,CF,BA,ASH
PC,EG,CF,BB,ASH
PC,EG,CF,BC,ASH
PC,EG,CF,BD,ASH
PC,EG,CG,BA,ASI
PC,EG,CG,BB,ASI
PC,EG,CG,BC,ASI
PC,EG,CG,BD,ASI
PC,EH,CA,BA,ASD
PC,EH,CA,BB,ASD
PC,EH,CA,BC,ASD
PC,EH,CA,BD,ASD
PC,EH,CB,BA,ASE
PC,EH,CB,BB,ASE
PC,EH,CB,BC,ASE
PC,EH,CB,BD,ASE
PC,EH,CC,BA,ASF
PC,EH,CC,BB,ASF
PC,EH,CC,BC,ASF
PC,EH,CC,BD,ASF
PC,EH,CD,BA,ASG
PC,EH,CD,BB,ASG
PC,EH,CD,BC,ASG
PC,EH,CD,BD,ASG
PC,EH,CE,BA,ASH
PC,EH,CE,BB,ASH
PC,EH,CE,BC,ASH
PC,EH,CE,BD,ASH
PC,EH,CF,BA,ASI
PC,EH,CF,BB,ASI
PC,EH,CF,BC,ASI
PC,EH,CF,BD,ASI
PC,EH,CG,BA,ASJ
PC,EH,CG,BB,ASJ
PC,EH,CG,BC,ASJ
PC,EH,CG,BD,ASJ
PD,EA,CA,BA,ASA
PD,EA,CA,BB,ASA
PD,EA,CA,BC,ASA
PD,EA,CA,BD,ASA
PD,EA,CB,BA,ASB
PD,EA,CB,BB,ASB
PD,EA,CB,BC,ASB
PD,EA,CB,BD,ASB
PD,EA,CC,BA,ASC
PD,EA,CC,BB,ASC
PD,EA,CC,BC,ASC
PD,EA,CC,BD,ASC
PD,EA,CD,BA,ASD
PD,EA,CD,BB,ASD
PD,EA,CD,BC,ASD
PD,EA,CD,BD,ASD
PD,EA,CE,BA,ASE
PD,EA,CE,BB,ASE
PD,EA,CE,BC,ASE
PD,EA,CE,BD,ASE
PD,EA,CF,BA,ASF
PD,EA,CF,BB,ASF
PD,EA,CF,BC,ASF
PD,EA,CF,BD,ASF
PD,EA,CG,BA,ASG
PD,EA,CG,BB,ASG
PD,EA,CG,BC,ASG
PD,EA,CG,BD,ASG
PD,EB,CA,BA,ASB
PD,EB,CA,BB,ASB
PD,EB,CA,BC,ASB
PD,EB,CA,BD,ASB
PD,EB,CB,BA,ASC
PD,EB,CB,BB,ASC
PD,EB,CB,BC,ASC
PD,EB,CB,BD,ASC
PD,EB,CC,BA,ASD
PD,EB,CC,BB,ASD
PD,EB,CC,BC,ASD
PD,EB,CC,BD,ASD
PD,EB,CD,BA,ASE
PD,EB,CD,BB,ASE
PD,EB,CD,BC,ASE
PD,EB,CD,BD,ASE
PD,EB,CE,BA,ASF
PD,EB,CE,BB,ASF
PD,EB,CE,BC,ASF
PD,EB,CE,BD,ASF
PD,EB,CF,BA,ASG
PD,EB,CF,BB,ASG
PD,EB,CF,BC,ASG
PD,EB,CF,BD,ASG
PD,EB,CG,BA,ASH
PD,EB,CG,BB,ASH
PD,EB,CG,BC,ASH
PD,EB,CG,BD,ASH
PD,EC,CA,BA,ASB
PD,EC,CA,BB,ASB
PD,EC,CA,BC,ASB
PD,EC,CA,BD,ASB
PD,EC,CB,BA,ASC
PD,EC,CB,BB,ASC
PD,EC,CB,BC,ASC
PD,EC,CB,BD,ASC
PD,EC,CC,BA,ASD
PD,EC,CC,BB,ASD
PD,EC,CC,BC,ASD
PD,EC,CC,BD,ASD
PD,EC,CD,BA,ASE
PD,EC,CD,BB,ASE
PD,EC,CD,BC,ASE
PD,EC,CD,BD,ASE
PD,EC,CE,BA,ASF
PD,EC,CE,BB,ASF
PD,EC,CE,BC,ASF
PD,EC,CE,BD,ASF
PD,EC,CF,BA,ASG
PD,EC,CF,BB,ASG
PD,EC,CF,BC,ASG
PD,EC,CF,BD,ASG
PD,EC,CG,BA,ASH
PD,EC,CG,BB,ASH
PD,EC,CG,BC,ASH
PD,EC,CG,BD,ASH
PD,ED,CA,BA,ASB
PD,ED,CA,BB,ASB
PD,ED,CA,BC,ASB
PD,ED,CA,BD,ASB
PD,ED,CB,BA,ASC
PD,ED,CB,BB,ASC
PD,ED,CB,BC,ASC
PD,ED,CB,BD,ASC
PD,ED,CC,BA,ASD
PD,ED,CC,BB,ASD
PD,ED,CC,BC,ASD
PD,ED,CC,BD,ASD
PD,ED,CD,BA,ASE
PD,ED,CD,BB,ASE
PD,ED,CD,BC,ASE
PD,ED,CD,BD,ASE
PD,ED,CE,BA,ASF
PD,ED,CE,BB,ASF
PD,ED,CE,BC,ASF
PD,ED,CE,BD,ASF
PD,ED,CF,BA,ASG
PD,ED,CF,BB,ASG
PD,ED,CF,BC,ASG
PD,ED,CF,BD,ASG
PD,ED,CG,BA,ASH
PD,ED,CG,BB,ASH
PD,ED,CG,BC,ASH
PD,ED,CG,BD,ASH
PD,EE,CA,BA,ASC
PD,EE,CA,BB,ASC
PD,EE,CA,BC,ASC
PD,EE,CA,BD,ASC
PD,EE,CB,BA,ASD
PD,EE,CB,BB,ASD
PD,EE,CB,BC,ASD
PD,EE,CB,BD,ASD
PD,EE,CC,BA,ASE
PD,EE,CC,BB,ASE
PD,EE,CC,BC,ASE
PD,EE,CC,BD,ASE
PD,EE,CD,BA,ASF
PD,EE,CD,BB,ASF
PD,EE,CD,BC,ASF
PD,EE,CD,BD,ASF
PD,EE,CE,BA,ASG
PD,EE,CE,BB,ASG
PD,EE,CE,BC,ASG
PD,EE,CE,BD,ASG
PD,EE,CF,BA,ASH
PD,EE,CF,BB,ASH
PD,EE,CF,BC,ASH
PD,EE,CF,BD,ASH
PD,EE,CG,BA,ASI
PD,EE,CG,BB,ASI
PD,EE,CG,BC,ASI
PD,EE,CG,BD,ASI
PD,EF,CA,BA,ASC
PD,EF,CA,BB,ASC
PD,EF,CA,BC,ASC
PD,EF,CA,BD,ASC
PD,EF,CB,BA,ASD
PD,EF,CB,BB,ASD
PD,EF,CB,BC,ASD
PD,EF,CB,BD,ASD
PD,EF,CC,BA,ASE
PD,EF,CC,BB,ASE
PD,EF,CC,BC,ASE
PD,EF,CC,BD,ASE
PD,EF,CD,BA,ASF
PD,EF,CD,BB,ASF
PD,EF,CD,BC,ASF
PD,EF,CD,BD,ASF
PD,EF,CE,BA,ASG
PD,EF,CE,BB,ASG
PD,EF,CE,BC,ASG
PD,EF,CE,BD,ASG
PD,EF,CF,BA,ASH
PD,EF,CF,BB,ASH
PD,EF,CF,BC,ASH
PD,EF,CF,BD,ASH
PD,EF,CG,BA,ASI
PD,EF,CG,BB,ASI
PD,EF,CG,BC,ASI
PD,EF,CG,BD,ASI
PD,EG,CA,BA,ASC
PD,EG,CA,BB,ASC
PD,EG,CA,BC,ASC
PD,EG,CA,BD,ASC
PD,EG,CB,BA,ASD
PD,EG,CB,BB,ASD
PD,EG,CB,BC,ASD
PD,EG,CB,BD,ASD
PD,EG,CC,BA,ASE
PD,EG,CC,BB,ASE
PD,EG,CC,BC,ASE
PD,EG,CC,BD,ASE
PD,EG,CD,BA,ASF
PD,EG,CD,BB,ASF
PD,EG,CD,BC,ASF
PD,EG,CD,BD,ASF
PD,EG,CE,BA,ASG
PD,EG,CE,BB,ASG
PD,EG,CE,BC,ASG
PD,EG,CE,BD,ASG
PD,EG,CF,BA,ASH
PD,EG,CF,BB,ASH
PD,EG,CF,BC,ASH
PD,EG,CF,BD,ASH
PD,EG,CG,BA,ASI
PD,EG,CG,BB,ASI
PD,EG,CG,BC,ASI
PD,EG,CG,BD,ASI
PD,EH,CA,BA,ASD
PD,EH,CA,BB,ASD
PD,EH,CA,BC,ASD
PD,EH,CA,BD,ASD
PD,EH,CB,BA,ASE
PD,EH,CB,BB,ASE
PD,EH,CB,BC,ASE
PD,EH,CB,BD,ASE
PD,EH,CC,BA,ASF
PD,EH,CC,BB,ASF
PD,EH,CC,BC,ASF
PD,EH,CC,BD,ASF
PD,EH,CD,BA,ASG
PD,EH,CD,BB,ASG
PD,EH,CD,BC,ASG
PD,EH,CD,BD,ASG
PD,EH,CE,BA,ASH
PD,EH,CE,BB,ASH
PD,EH,CE,BC,ASH
PD,EH,CE,BD,ASH
PD,EH,CF,BA,ASI
PD,EH,CF,BB,ASI
PD,EH,CF,BC,ASI
PD,EH,CF,BD,ASI
PD,EH,CG,BA,ASJ
PD,EH,CG,BB,ASJ
PD,EH,CG,BC,ASJ
PD,EH,CG,BD,ASJ
PE,EA,CA,BA,ASA
PE,EA,CA,BB,ASA
PE,EA,CA,BC,ASA
PE,EA,CA,BD,ASA
PE,EA,CB,BA,ASB
PE,EA,CB,BB,ASB
PE,EA,CB,BC,ASB
PE,EA,CB,BD,ASB
PE,EA,CC,BA,ASC
PE,EA,CC,BB,ASC
PE,EA,CC,BC,ASC
PE,EA,CC,BD,ASC
PE,EA,CD,BA,ASD
PE,EA,CD,BB,ASD
PE,EA,CD,BC,ASD
PE,EA,CD,BD,ASD
PE,EA,CE,BA,ASE
PE,EA,CE,BB,ASE
PE,EA,CE,BC,ASE
PE,EA,CE,BD,ASE
PE,EA,CF,BA,ASF
PE,EA,CF,BB,ASF
PE,EA,CF,BC,ASF
PE,EA,CF,BD,ASF
PE,EA,CG,BA,ASG
PE,EA,CG,BB,ASG
PE,EA,CG,BC,ASG
PE,EA,CG,BD,ASG
PE,EB,CA,BA,ASB
PE,EB,CA,BB,ASB
PE,EB,CA,BC,ASB
PE,EB,CA,BD,ASB
PE,EB,CB,BA,ASC
PE,EB,CB,BB,ASC
PE,EB,CB,BC,ASC
PE,EB,CB,BD,ASC
PE,EB,CC,BA,ASD
PE,EB,CC,BB,ASD
PE,EB,CC,BC,ASD
PE,EB,CC,BD,ASD
PE,EB,CD,BA,ASE
PE,EB,CD,BB,ASE
PE,EB,CD,BC,ASE
PE,EB,CD,BD,ASE
PE,EB,CE,BA,ASF
PE,EB,CE,BB,ASF
PE,EB,CE,BC,ASF
PE,EB,CE,BD,ASF
PE,EB,CF,BA,ASG
PE,EB,CF,BB,ASG
PE,EB,CF,BC,ASG
PE,EB,CF,BD,ASG
PE,EB,CG,BA,ASH
PE,EB,CG,BB,ASH
PE,EB,CG,BC,ASH
PE,EB,CG,BD,ASH
PE,EC,CA,BA,ASB
PE,EC,CA,BB,ASB
PE,EC,CA,BC,ASB
PE,EC,CA,BD,ASB
PE,EC,CB,BA,ASC
PE,EC,CB,BB,ASC
PE,EC,CB,BC,ASC
PE,EC,CB,BD,ASC
PE,EC,CC,BA,ASD
PE,EC,CC,BB,ASD
PE,EC,CC,BC,ASD
PE,EC,CC,BD,ASD
PE,EC,CD,BA,ASE
PE,EC,CD,BB,ASE
PE,EC,CD,BC,ASE
PE,EC,CD,BD,ASE
PE,EC,CE,BA,ASF
PE,EC,CE,BB,ASF
PE,EC,CE,BC,ASF
PE,EC,CE,BD,ASF
PE,EC,CF,BA,ASG
PE,EC,CF,BB,ASG
PE,EC,CF,BC,ASG
PE,EC,CF,BD,ASG
PE,EC,CG,BA,ASH
PE,EC,CG,BB,ASH
PE,EC,CG,BC,ASH
PE,EC,CG,BD,ASH
PE,ED,CA,BA,ASB
PE,ED,CA,BB,ASB
PE,ED,CA,BC,ASB
PE,ED,CA,BD,ASB
PE,ED,CB,BA,ASC
PE,ED,CB,BB,ASC
PE,ED,CB,BC,ASC
PE,ED,CB,BD,ASC
PE,ED,CC,BA,ASD
PE,ED,CC,BB,ASD
PE,ED,CC,BC,ASD
PE,ED,CC,BD,ASD
PE,ED,CD,BA,ASE
PE,ED,CD,BB,ASE
PE,ED,CD,BC,ASE
PE,ED,CD,BD,ASE
PE,ED,CE,BA,ASF
PE,ED,CE,BB,ASF
PE,ED,CE,BC,ASF
PE,ED,CE,BD,ASF
PE,ED,CF,BA,ASG
PE,ED,CF,BB,ASG
PE,ED,CF,BC,ASG
PE,ED,CF,BD,ASG
PE,ED,CG,BA,ASH
PE,ED,CG,BB,ASH
PE,ED,CG,BC,ASH
PE,ED,CG,BD,ASH
PE,EE,CA,BA,ASC
PE,EE,CA,BB,ASC
PE,EE,CA,BC,ASC
PE,EE,CA,BD,ASC
PE,EE,CB,BA,ASD
PE,EE,CB,BB,ASD
PE,EE,CB,BC,ASD
PE,EE,CB,BD,ASD
PE,EE,CC,BA,ASE
PE,EE,CC,BB,ASE
PE,EE,CC,BC,ASE
PE,EE,CC,BD,ASE
PE,EE,CD,BA,ASF
PE,EE,CD,BB,ASF
PE,EE,CD,BC,ASF
PE,EE,CD,BD,ASF
PE,EE,CE,BA,ASG
PE,EE,CE,BB,ASG
PE,EE,CE,BC,ASG
PE,EE,CE,BD,ASG
PE,EE,CF,BA,ASH
PE,EE,CF,BB,ASH
PE,EE,CF,BC,ASH
PE,EE,CF,BD,ASH
PE,EE,CG,BA,ASI
PE,EE,CG,BB,ASI
PE,EE,CG,BC,ASI
PE,EE,CG,BD,ASI
PE,EF,CA,BA,ASC
PE,EF,CA,BB,ASC
PE,EF,CA,BC,ASC
PE,EF,CA,BD,ASC
PE,EF,CB,BA,ASD
PE,EF,CB,BB,ASD
PE,EF,CB,BC,ASD
PE,EF,CB,BD,ASD
PE,EF,CC,BA,ASE
PE,EF,CC,BB,ASE
PE,EF,CC,BC,ASE
PE,EF,CC,BD,ASE
PE,EF,CD,BA,ASF
PE,EF,CD,BB,ASF
PE,EF,CD,BC,ASF
PE,EF,CD,BD,ASF
PE,EF,CE,BA,ASG
PE,EF,CE,BB,ASG
PE,EF,CE,BC,ASG
PE,EF,CE,BD,ASG
PE,EF,CF,BA,ASH
PE,EF,CF,BB,ASH
PE,EF,CF,BC,ASH
PE,EF,CF,BD,ASH
PE,EF,CG,BA,ASI
PE,EF,CG,BB,ASI
PE,EF,CG,BC,ASI
PE,EF,CG,BD,ASI
PE,EG,CA,BA,ASC
PE,EG,CA,BB,ASC
PE,EG,CA,BC,ASC
PE,EG,CA,BD,ASC
PE,EG,CB,BA,ASD
PE,EG,CB,BB,ASD
PE,EG,CB,BC,ASD
PE,EG,CB,BD,ASD
PE,EG,CC,BA,ASE
PE,EG,CC,BB,ASE
PE,EG,CC,BC,ASE
PE,EG,CC,BD,ASE
PE,EG,CD,BA,ASF
PE,EG,CD,BB,ASF
PE,EG,CD,BC,ASF
PE,EG,CD,BD,ASF
PE,EG,CE,BA,ASG
PE,EG,CE,BB,ASG
PE,EG,CE,BC,ASG
PE,EG,CE,BD,ASG
PE,EG,CF,BA,ASH
PE,EG,CF,BB,ASH
PE,EG,CF,BC,ASH
PE,EG,CF,BD,ASH
PE,EG,CG,BA,ASI
PE,EG,CG,BB,ASI
PE,EG,CG,BC,ASI
PE,EG,CG,BD,ASI
PE,EH,CA,BA,ASD
PE,EH,CA,BB,ASD
PE,EH,CA,BC,ASD
PE,EH,CA,BD,ASD
PE,EH,CB,BA,ASE
PE,EH,CB,BB,ASE
PE,EH,CB,BC,ASE
PE,EH,CB,BD,ASE
PE,EH,CC,BA,ASF
PE,EH,CC,BB,ASF
PE,EH,CC,BC,ASF
PE,EH,CC,BD,ASF
PE,EH,CD,BA,ASG
PE,EH,CD,BB,ASG
PE,EH,CD,BC,ASG
PE,EH,CD,BD,ASG
PE,EH,CE,BA,ASH
PE,EH,CE,BB,ASH
PE,EH,CE,BC,ASH
PE,EH,CE,BD,ASH
PE,EH,CF,BA,ASI
PE,EH,CF,BB,ASI
PE,EH,CF,BC,ASI
PE,EH,CF,BD,ASI
PE,EH,CG,BA,ASJ
PE,EH,CG,BB,ASJ
PE,EH,CG,BC,ASJ
PE,EH,CG,BD,ASJ
PF,EA,CA,BA,ASA
PF,EA,CA,BB,ASA
PF,EA,CA,BC,ASA
PF,EA,CA,BD,ASA
PF,EA,CB,BA,ASB
PF,EA,CB,BB,ASB
PF,EA,CB,BC,ASB
PF,EA,CB,BD,ASB
PF,EA,CC,BA,ASC
PF,EA,CC,BB,ASC
PF,EA,CC,BC,ASC
PF,EA,CC,BD,ASC
PF,EA,CD,BA,ASD
PF,EA,CD,BB,ASD
PF,EA,CD,BC,ASD
PF,EA,CD,BD,ASD
PF,EA,CE,BA,ASE
PF,EA,CE,BB,ASE
PF,EA,CE,BC,ASE
PF,EA,CE,BD,ASE
PF,EA,CF,BA,ASF
PF,EA,CF,BB,ASF
PF,EA,CF,BC,ASF
PF,EA,CF,BD,ASF
PF,EA,CG,BA,ASG
PF,EA,CG,BB,ASG
PF,EA,CG,BC,ASG
PF,EA,CG,BD,ASG
PF,EB,CA,BA,ASB
PF,EB,CA,BB,ASB
PF,EB,CA,BC,ASB
PF,EB,CA,BD,ASB
PF,EB,CB,BA,ASC
PF,EB,CB,BB,ASC
PF,EB,CB,BC,ASC
PF,EB,CB,BD,ASC
PF,EB,CC,BA,ASD
PF,EB,CC,BB,ASD
PF,EB,CC,BC,ASD
PF,EB,CC,BD,ASD
PF,EB,CD,BA,ASE
PF,EB,CD,BB,ASE
PF,EB,CD,BC,ASE
PF,EB,CD,BD,ASE
PF,EB,CE,BA,ASF
PF,EB,CE,BB,ASF
PF,EB,CE,BC,ASF
PF,EB,CE,BD,ASF
PF,EB,CF,BA,ASG
PF,EB,CF,BB,ASG
PF,EB,CF,BC,ASG
PF,EB,CF,BD,ASG
PF,EB,CG,BA,ASH
PF,EB,CG,BB,ASH
PF,EB,CG,BC,ASH
PF,EB,CG,BD,ASH
PF,EC,CA,BA,ASB
PF,EC,CA,BB,ASB
PF,EC,CA,BC,ASB
PF,EC,CA,BD,ASB
PF,EC,CB,BA,ASC
PF,EC,CB,BB,ASC
PF,EC,CB,BC,ASC
PF,EC,CB,BD,ASC
PF,EC,CC,BA,ASD
PF,EC,CC,BB,ASD
PF,EC,CC,BC,ASD
PF,EC,CC,BD,ASD
PF,EC,CD,BA,ASE
PF,EC,CD,BB,ASE
PF,EC,CD,BC,ASE
PF,EC,CD,BD,ASE
PF,EC,CE,BA,ASF
PF,EC,CE,BB,ASF
PF,EC,CE,BC,ASF
PF,EC,CE,BD,ASF
PF,EC,CF,BA,ASG
PF,EC,CF,BB,ASG
PF,EC,CF,BC,ASG
PF,EC,CF,BD,ASG
PF,EC,CG,BA,ASH
PF,EC,CG,BB,ASH
PF,EC,CG,BC,ASH
PF,EC,CG,BD,ASH
PF,ED,CA,BA,ASB
PF,ED,CA,BB,ASB
PF,ED,CA,BC,ASB
PF,ED,CA,BD,ASB
PF,ED,CB,BA,ASC
PF,ED,CB,BB,ASC
PF,ED,CB,BC,ASC
PF,ED,CB,BD,ASC
PF,ED,CC,BA,ASD
PF,ED,CC,BB,ASD
PF,ED,CC,BC,ASD
PF,ED,CC,BD,ASD
PF,ED,CD,BA,ASE
PF,ED,CD,BB,ASE
PF,ED,CD,BC,ASE
PF,ED,CD,BD,ASE
PF,ED,CE,BA,ASF
PF,ED,CE,BB,ASF
PF,ED,CE,BC,ASF
PF,ED,CE,BD,ASF
PF,ED,CF,BA,ASG
PF,ED,CF,BB,ASG
PF,ED,CF,BC,ASG
PF,ED,CF,BD,ASG
PF,ED,CG,BA,ASH
PF,ED,CG,BB,ASH
PF,ED,CG,BC,ASH
PF,ED,CG,BD,ASH
PF,EE,CA,BA,ASC
PF,EE,CA,BB,ASC
PF,EE,CA,BC,ASC
PF,EE,CA,BD,ASC
PF,EE,CB,BA,ASD
PF,EE,CB,BB,ASD
PF,EE,CB,BC,ASD
PF,EE,CB,BD,ASD
PF,EE,CC,BA,ASE
PF,EE,CC,BB,ASE
PF,EE,CC,BC,ASE
PF,EE,CC,BD,ASE
PF,EE,CD,BA,ASF
PF,EE,CD,BB,ASF
PF,EE,CD,BC,ASF
PF,EE,CD,BD,ASF
PF,EE,CE,BA,ASG
PF,EE,CE,BB,ASG
PF,EE,CE,BC,ASG
PF,EE,CE,BD,ASG
PF,EE,CF,BA,ASH
PF,EE,CF,BB,ASH
PF,EE,CF,BC,ASH
PF,EE,CF,BD,ASH
PF,EE,CG,BA,ASI
PF,EE,CG,BB,ASI
PF,EE,CG,BC,ASI
PF,EE,CG,BD,ASI
PF,EF,CA,BA,ASC
PF,EF,CA,BB,ASC
PF,EF,CA,BC,ASC
PF,EF,CA,BD,ASC
PF,EF,CB,BA,ASD
PF,EF,CB,BB,ASD
PF,EF,CB,BC,ASD
PF,EF,CB,BD,ASD
PF,EF,CC,BA,ASE
PF,EF,CC,BB,ASE
PF,EF,CC,BC,ASE
PF,EF,CC,BD,ASE
PF,EF,CD,BA,ASF
PF,EF,CD,BB,ASF
PF,EF,CD,BC,ASF
PF,EF,CD,BD,ASF
PF,EF,CE,BA,ASG
PF,EF,CE,BB,ASG
PF,EF,CE,BC,ASG
PF,EF,CE,BD,ASG
PF,EF,CF,BA,ASH
PF,EF,CF,BB,ASH
PF,EF,CF,BC,ASH
PF,EF,CF,BD,ASH
PF,EF,CG,BA,ASI
PF,EF,CG,BB,ASI
PF,EF,CG,BC,ASI
PF,EF,CG,BD,ASI
PF,EG,CA,BA,ASC
PF,EG,CA,BB,ASC
PF,EG,CA,BC,ASC
PF,EG,CA,BD,ASC
PF,EG,CB,BA,ASD
PF,EG,CB,BB,ASD
PF,EG,CB,BC,ASD
PF,EG,CB,BD,ASD
PF,EG,CC,BA,ASE
PF,EG,CC,BB,ASE
PF,EG,CC,BC,ASE
PF,EG,CC,BD,ASE
PF,EG,CD,BA,ASF
PF,EG,CD,BB,ASF
PF,EG,CD,BC,ASF
PF,EG,CD,BD,ASF
PF,EG,CE,BA,ASG
PF,EG,CE,BB,ASG
PF,EG,CE,BC,ASG
PF,EG,CE,BD,ASG
PF,EG,CF,BA,ASH
PF,EG,CF,BB,ASH
PF,EG,CF,BC,ASH
PF,EG,CF,BD,ASH
PF,EG,CG,BA,ASI
PF,EG,CG,BB,ASI
PF,EG,CG,BC,ASI
PF,EG,CG,BD,ASI
PF,EH,CA,BA,ASD
PF,EH,CA,BB,ASD
PF,EH,CA,BC,ASD
PF,EH,CA,BD,ASD
PF,EH,CB,BA,ASE
PF,EH,CB,BB,ASE
PF,EH,CB,BC,ASE
PF,EH,CB,BD,ASE
PF,EH,CC,BA,ASF
PF,EH,CC,BB,ASF
PF,EH,CC,BC,ASF
PF,EH,CC,BD,ASF
PF,EH,CD,BA,ASG
PF,EH,CD,BB,ASG
PF,EH,CD,BC,ASG
PF,EH,CD,BD,ASG
PF,EH,CE,BA,ASH
PF,EH,CE,BB,ASH
PF,EH,CE,BC,ASH
PF,EH,CE,BD,ASH
PF,EH,CF,BA,ASI
PF,EH,CF,BB,ASI
PF,EH,CF,BC,ASI
PF,EH,CF,BD,ASI
PF,EH,CG,BA,ASJ
PF,EH,CG,BB,ASJ
PF,EH,CG,BC,ASJ
PF,EH,CG,BD,ASJ
PG,EA,CA,BA,ASB
PG,EA,CA,BB,ASB
PG,EA,CA,BC,ASB
PG,EA,CA,BD,ASB
PG,EA,CB,BA,ASC
PG,EA,CB,BB,ASC
PG,EA,CB,BC,ASC
PG,EA,CB,BD,ASC
PG,EA,CC,BA,ASD
PG,EA,CC,BB,ASD
PG,EA,CC,BC,ASD
PG,EA,CC,BD,ASD
PG,EA,CD,BA,ASE
PG,EA,CD,BB,ASE
PG,EA,CD,BC,ASE
PG,EA,CD,BD,ASE
PG,EA,CE,BA,ASF
PG,EA,CE,BB,ASF
PG,EA,CE,BC,ASF
PG,EA,CE,BD,ASF
PG,EA,CF,BA,ASG
PG,EA,CF,BB,ASG
PG,EA,CF,BC,ASG
PG,EA,CF,BD,ASG
PG,EA,CG,BA,ASH
PG,EA,CG,BB,ASH
PG,EA,CG,BC,ASH
PG,EA,CG,BD,ASH
PG,EB,CA,BA,ASC
PG,EB,CA,BB,ASC
PG,EB,CA,BC,ASC
PG,EB,CA,BD,ASC
PG,EB,CB,BA,ASD
PG,EB,CB,BB,ASD
PG,EB,CB,BC,ASD
PG,EB,CB,BD,ASD
PG,EB,CC,BA,ASE
PG,EB,CC,BB,ASE
PG,EB,CC,BC,ASE
PG,EB,CC,BD,ASE
PG,EB,CD,BA,ASF
PG,EB,CD,BB,ASF
PG,EB,CD,BC,ASF
PG,EB,CD,BD,ASF
PG,EB,CE,BA,ASG
PG,EB,CE,BB,ASG
PG,EB,CE,BC,ASG
PG,EB,CE,BD,ASG
PG,EB,CF,BA,ASH
PG,EB,CF,BB,ASH
PG,EB,CF,BC,ASH
PG,EB,CF,BD,ASH
PG,EB,CG,BA,ASI
PG,EB,CG,BB,ASI
PG,EB,CG,BC,ASI
PG,EB,CG,BD,ASI
PG,EC,CA,BA,ASC
PG,EC,CA,BB,ASC
PG,EC,CA,BC,ASC
PG,EC,CA,BD,ASC
PG,EC,CB,BA,ASD
PG,EC,CB,BB,ASD
PG,EC,CB,BC,ASD
PG,EC,CB,BD,ASD
PG,EC,CC,BA,ASE
PG,EC,CC,BB,ASE
PG,EC,CC,BC,ASE
PG,EC,CC,BD,ASE
PG,EC,CD,BA,ASF
PG,EC,CD,BB,ASF
PG,EC,CD,BC,ASF
PG,EC,CD,BD,ASF
PG,EC,CE,BA,ASG
PG,EC,CE,BB,ASG
PG,EC,CE,BC,ASG
PG,EC,CE,BD,ASG
PG,EC,CF,BA,ASH
PG,EC,CF,BB,ASH
PG,EC,CF,BC,ASH
PG,EC,CF,BD,ASH
PG,EC,CG,BA,ASI
PG,EC,CG,BB,ASI
PG,EC,CG,BC,ASI
PG,EC,CG,BD,ASI
PG,ED,CA,BA,ASC
PG,ED,CA,BB,ASC
PG,ED,CA,BC,ASC
PG,ED,CA,BD,ASC
PG,ED,CB,BA,ASD
PG,ED,CB,BB,ASD
PG,ED,CB,BC,ASD
PG,ED,CB,BD,ASD
PG,ED,CC,BA,ASE
PG,ED,CC,BB,ASE
PG,ED,CC,BC,ASE
PG,ED,CC,BD,ASE
PG,ED,CD,BA,ASF
PG,ED,CD,BB,ASF
PG,ED,CD,BC,ASF
PG,ED,CD,BD,ASF
PG,ED,CE,BA,ASG
PG,ED,CE,BB,ASG
PG,ED,CE,BC,ASG
PG,ED,CE,BD,ASG
PG,ED,CF,BA,ASH
PG,ED,CF,BB,ASH
PG,ED,CF,BC,ASH
PG,ED,CF,BD,ASH
PG,ED,CG,BA,ASI
PG,ED,CG,BB,ASI
PG,ED,CG,BC,ASI
PG,ED,CG,BD,ASI
PG,EE,CA,BA,ASD
PG,EE,CA,BB,ASD
PG,EE,CA,BC,ASD
PG,EE,CA,BD,ASD
PG,EE,CB,BA,ASE
PG,EE,CB,BB,ASE
PG,EE,CB,BC,ASE
PG,EE,CB,BD,ASE
PG,EE,CC,BA,ASF
PG,EE,CC,BB,ASF
PG,EE,CC,BC,ASF
PG,EE,CC,BD,ASF
PG,EE,CD,BA,ASG
PG,EE,CD,BB,ASG
PG,EE,CD,BC,ASG
PG,EE,CD,BD,ASG
PG,EE,CE,BA,ASH
PG,EE,CE,BB,ASH
PG,EE,CE,BC,ASH
PG,EE,CE,BD,ASH
PG,EE,CF,BA,ASI
PG,EE,CF,BB,ASI
PG,EE,CF,BC,ASI
PG,EE,CF,BD,ASI
PG,EE,CG,BA,ASJ
PG,EE,CG,BB,ASJ
PG,EE,CG,BC,ASJ
PG,EE,CG,BD,ASJ
PG,EF,CA,BA,ASD
PG,EF,CA,BB,ASD
PG,EF,CA,BC,ASD
PG,EF,CA,BD,ASD
PG,EF,CB,BA,ASE
PG,EF,CB,BB,ASE
PG,EF,CB,BC,ASE
PG,EF,CB,BD,ASE
PG,EF,CC,BA,ASF
PG,EF,CC,BB,ASF
PG,EF,CC,BC,ASF
PG,EF,CC,BD,ASF
PG,EF,CD,BA,ASG
PG,EF,CD,BB,ASG
PG,EF,CD,BC,ASG
PG,EF,CD,BD,ASG
PG,EF,CE,BA,ASH
PG,EF,CE,BB,ASH
PG,EF,CE,BC,ASH
PG,EF,CE,BD,ASH
PG,EF,CF,BA,ASI
PG,EF,CF,BB,ASI
PG,EF,CF,BC,ASI
PG,EF,CF,BD,ASI
PG,EF,CG,BA,ASJ
PG,EF,CG,BB,ASJ
PG,EF,CG,BC,ASJ
PG,EF,CG,BD,ASJ
PG,EG,CA,BA,ASD
PG,EG,CA,BB,ASD
PG,EG,CA,BC,ASD
PG,EG,CA,BD,ASD
PG,EG,CB,BA,ASE
PG,EG,CB,BB,ASE
PG,EG,CB,BC,ASE
PG,EG,CB,BD,ASE
PG,EG,CC,BA,ASF
PG,EG,CC,BB,ASF
PG,EG,CC,BC,ASF
PG,EG,CC,BD,ASF
PG,EG,CD,BA,ASG
PG,EG,CD,BB,ASG
PG,EG,CD,BC,ASG
PG,EG,CD,BD,ASG
PG,EG,CE,BA,ASH
PG,EG,CE,BB,ASH
PG,EG,CE,BC,ASH
PG,EG,CE,BD,ASH
PG,EG,CF,BA,ASI
PG,EG,CF,BB,ASI
PG,EG,CF,BC,ASI
PG,EG,CF,BD,ASI
PG,EG,CG,BA,ASJ
PG,EG,CG,BB,ASJ
PG,EG,CG,BC,ASJ
PG,EG,CG,BD,ASJ
PG,EG,CA,BA,ASE
PG,EH,CA,BB,ASE
PG,EH,CA,BC,ASE
PG,EH,CA,BD,ASE
PG,EH,CB,BA,ASF
PG,EH,CB,BB,ASF
PG,EH,CB,BC,ASF
PG,EH,CB,BD,ASF
PG,EH,CC,BA,ASG
PG,EH,CC,BB,ASG
PG,EH,CC,BC,ASG
PG,EH,CC,BD,ASG
PG,EH,CD,BA,ASH
PG,EH,CD,BB,ASH
PG,EH,CD,BC,ASH
PG,EH,CD,BD,ASH
PG,EH,CE,BA,ASI
PG,EH,CE,BB,ASI
PG,EH,CE,BC,ASI
PG,EH,CE,BD,ASI
PG,EH,CF,BA,ASJ
PG,EH,CF,BB,ASJ
PG,EH,CF,BC,ASJ
PG,EH,CF,BD,ASJ
PG,EH,CG,BA,ASK
PG,EH,CG,BB,ASK
PG,EH,CG,BC,ASK
PG,EH,CG,BD,ASK
PH,EA,CA,BA,ASB
PH,EA,CA,BB,ASB
PH,EA,CA,BC,ASB
PH,EA,CA,BD,ASB
PH,EA,CB,BA,ASC
PH,EA,CB,BB,ASC
PH,EA,CB,BC,ASC
PH,EA,CB,BD,ASC
PH,EA,CC,BA,ASD
PH,EA,CC,BB,ASD
PH,EA,CC,BC,ASD
PH,EA,CC,BD,ASD
PH,EA,CD,BA,ASE
PH,EA,CD,BB,ASE
PH,EA,CD,BC,ASE
PH,EA,CD,BD,ASE
PH,EA,CE,BA,ASF
PH,EA,CE,BB,ASF
PH,EA,CE,BC,ASF
PH,EA,CE,BD,ASF
PH,EA,CF,BA,ASG
PH,EA,CF,BB,ASG
PH,EA,CF,BC,ASG
PH,EA,CF,BD,ASG
PH,EA,CG,BA,ASH
PH,EA,CG,BB,ASH
PH,EA,CG,BC,ASH
PH,EA,CG,BD,ASH
PH,EB,CA,BA,ASC
PH,EB,CA,BB,ASC
PH,EB,CA,BC,ASC
PH,EB,CA,BD,ASC
PH,EB,CB,BA,ASD
PH,EB,CB,BB,ASD
PH,EB,CB,BC,ASD
PH,EB,CB,BD,ASD
PH,EB,CC,BA,ASE
PH,EB,CC,BB,ASE
PH,EB,CC,BC,ASE
PH,EB,CC,BD,ASE
PH,EB,CD,BA,ASF
PH,EB,CD,BB,ASF
PH,EB,CD,BC,ASF
PH,EB,CD,BD,ASF
PH,EB,CE,BA,ASG
PH,EB,CE,BB,ASG
PH,EB,CE,BC,ASG
PH,EB,CE,BD,ASG
PH,EB,CF,BA,ASH
PH,EB,CF,BB,ASH
PH,EB,CF,BC,ASH
PH,EB,CF,BD,ASH
PH,EB,CG,BA,ASI
PH,EB,CG,BB,ASI
PH,EB,CG,BC,ASI
PH,EB,CG,BD,ASI
PH,EC,CA,BA,ASC
PH,EC,CA,BB,ASC
PH,EC,CA,BC,ASC
PH,EC,CA,BD,ASC
PH,EC,CB,BA,ASD
PH,EC,CB,BB,ASD
PH,EC,CB,BC,ASD
PH,EC,CB,BD,ASD
PH,EC,CC,BA,ASE
PH,EC,CC,BB,ASE
PH,EC,CC,BC,ASE
PH,EC,CC,BD,ASE
PH,EC,CD,BA,ASF
PH,EC,CD,BB,ASF
PH,EC,CD,BC,ASF
PH,EC,CD,BD,ASF
PH,EC,CE,BA,ASG
PH,EC,CE,BB,ASG
PH,EC,CE,BC,ASG
PH,EC,CE,BD,ASG
PH,EC,CF,BA,ASH
PH,EC,CF,BB,ASH
PH,EC,CF,BC,ASH
PH,EC,CF,BD,ASH
PH,EC,CG,BA,ASI
PH,EC,CG,BB,ASI
PH,EC,CG,BC,ASI
PH,EC,CG,BD,ASI
PH,ED,CA,BA,ASC
PH,ED,CA,BB,ASC
PH,ED,CA,BC,ASC
PH,ED,CA,BD,ASC
PH,ED,CB,BA,ASD
PH,ED,CB,BB,ASD
PH,ED,CB,BC,ASD
PH,ED,CB,BD,ASD
PH,ED,CC,BA,ASE
PH,ED,CC,BB,ASE
PH,ED,CC,BC,ASE
PH,ED,CC,BD,ASE
PH,ED,CD,BA,ASF
PH,ED,CD,BB,ASF
PH,ED,CD,BC,ASF
PH,ED,CD,BD,ASF
PH,ED,CE,BA,ASG
PH,ED,CE,BB,ASG
PH,ED,CE,BC,ASG
PH,ED,CE,BD,ASG
PH,ED,CF,BA,ASH
PH,ED,CF,BB,ASH
PH,ED,CF,BC,ASH
PH,ED,CF,BD,ASH
PH,ED,CG,BA,ASI
PH,ED,CG,BB,ASI
PH,ED,CG,BC,ASI
PH,ED,CG,BD,ASI
PH,EE,CA,BA,ASD
PH,EE,CA,BB,ASD
PH,EE,CA,BC,ASD
PH,EE,CA,BD,ASD
PH,EE,CB,BA,ASE
PH,EE,CB,BB,ASE
PH,EE,CB,BC,ASE
PH,EE,CB,BD,ASE
PH,EE,CC,BA,ASF
PH,EE,CC,BB,ASF
PH,EE,CC,BC,ASF
PH,EE,CC,BD,ASF
PH,EE,CD,BA,ASG
PH,EE,CD,BB,ASG
PH,EE,CD,BC,ASG
PH,EE,CD,BD,ASG
PH,EE,CE,BA,ASH
PH,EE,CE,BB,ASH
PH,EE,CE,BC,ASH
PH,EE,CE,BD,ASH
PH,EE,CF,BA,ASI
PH,EE,CF,BB,ASI
PH,EE,CF,BC,ASI
PH,EE,CF,BD,ASI
PH,EE,CG,BA,ASJ
PH,EE,CG,BB,ASJ
PH,EE,CG,BC,ASJ
PH,EE,CG,BD,ASJ
PH,EF,CA,BA,ASD
PH,EF,CA,BB,ASD
PH,EF,CA,BC,ASD
PH,EF,CA,BD,ASD
PH,EF,CB,BA,ASE
PH,EF,CB,BB,ASE
PH,EF,CB,BC,ASE
PH,EF,CB,BD,ASE
PH,EF,CC,BA,ASF
PH,EF,CC,BB,ASF
PH,EF,CC,BC,ASF
PH,EF,CC,BD,ASF
PH,EF,CD,BA,ASG
PH,EF,CD,BB,ASG
PH,EF,CD,BC,ASG
PH,EF,CD,BD,ASG
PH,EF,CE,BA,ASH
PH,EF,CE,BB,ASH
PH,EF,CE,BC,ASH
PH,EF,CE,BD,ASH
PH,EF,CF,BA,ASI
PH,EF,CF,BB,ASI
PH,EF,CF,BC,ASI
PH,EF,CF,BD,ASI
PH,EF,CG,BA,ASJ
PH,EF,CG,BB,ASJ
PH,EF,CG,BC,ASJ
PH,EF,CG,BD,ASJ
PH,EG,CA,BA,ASD
PH,EG,CA,BB,ASD
PH,EG,CA,BC,ASD
PH,EG,CA,BD,ASD
PH,EG,CB,BA,ASE
PH,EG,CB,BB,ASE
PH,EG,CB,BC,ASE
PH,EG,CB,BD,ASE
PH,EG,CC,BA,ASF
PH,EG,CC,BB,ASF
PH,EG,CC,BC,ASF
PH,EG,CC,BD,ASF
PH,EG,CD,BA,ASG
PH,EG,CD,BB,ASG
PH,EG,CD,BC,ASG
PH,EG,CD,BD,ASG
PH,EG,CE,BA,ASH
PH,EG,CE,BB,ASH
PH,EG,CE,BC,ASH
PH,EG,CE,BD,ASH
PH,EG,CF,BA,ASI
PH,EG,CF,BB,ASI
PH,EG,CF,BC,ASI
PH,EG,CF,BD,ASI
PH,EG,CG,BA,ASJ
PH,EG,CG,BB,ASJ
PH,EG,CG,BC,ASJ
PH,EG,CG,BD,ASJ
PH,EH,CA,BA,ASE
PH,EH,CA,BB,ASE
PH,EH,CA,BC,ASE
PH,EH,CA,BD,ASE
PH,EH,CB,BA,ASF
PH,EH,CB,BB,ASF
PH,EH,CB,BC,ASF
PH,EH,CB,BD,ASF
PH,EH,CC,BA,ASG
PH,EH,CC,BB,ASG
PH,EH,CC,BC,ASG
PH,EH,CC,BD,ASG
PH,EH,CD,BA,ASH
PH,EH,CD,BB,ASH
PH,EH,CD,BC,ASH
PH,EH,CD,BD,ASH
PH,EH,CE,BA,ASI
PH,EH,CE,BB,ASI
PH,EH,CE,BC,ASI
PH,EH,CE,BD,ASI
PH,EH,CF,BA,ASJ
PH,EH,CF,BB,ASJ
PH,EH,CF,BC,ASJ
PH,EH,CF,BD,ASJ
PH,EH,CG,BA,ASK
PH,EH,CG,BB,ASK
PH,EH,CG,BC,ASK
PH,EH,CG,BD,ASK
PI,EA,CA,BA,ASB
PI,EA,CA,BB,ASB
PI,EA,CA,BC,ASB
PI,EA,CA,BD,ASB
PI,EA,CB,BA,ASC
PI,EA,CB,BB,ASC
PI,EA,CB,BC,ASC
PI,EA,CB,BD,ASC
PI,EA,CC,BA,ASD
PI,EA,CC,BB,ASD
PI,EA,CC,BC,ASD
PI,EA,CC,BD,ASD
PI,EA,CD,BA,ASE
PI,EA,CD,BB,ASE
PI,EA,CD,BC,ASE
PI,EA,CD,BD,ASE
PI,EA,CE,BA,ASF
PI,EA,CE,BB,ASF
PI,EA,CE,BC,ASF
PI,EA,CE,BD,ASF
PI,EA,CF,BA,ASG
PI,EA,CF,BB,ASG
PI,EA,CF,BC,ASG
PI,EA,CF,BD,ASG
PI,EA,CG,BA,ASH
PI,EA,CG,BB,ASH
PI,EA,CG,BC,ASH
PI,EA,CG,BD,ASH
PI,EB,CA,BA,ASC
PI,EB,CA,BB,ASC
PI,EB,CA,BC,ASC
PI,EB,CA,BD,ASC
PI,EB,CB,BA,ASD
PI,EB,CB,BB,ASD
PI,EB,CB,BC,ASD
PI,EB,CB,BD,ASD
PI,EB,CC,BA,ASE
PI,EB,CC,BB,ASE
PI,EB,CC,BC,ASE
PI,EB,CC,BD,ASE
PI,EB,CD,BA,ASF
PI,EB,CD,BB,ASF
PI,EB,CD,BC,ASF
PI,EB,CD,BD,ASF
PI,EB,CE,BA,ASG
PI,EB,CE,BB,ASG
PI,EB,CE,BC,ASG
PI,EB,CE,BD,ASG
PI,EB,CF,BA,ASH
PI,EB,CF,BB,ASH
PI,EB,CF,BC,ASH
PI,EB,CF,BD,ASH
PI,EB,CG,BA,ASI
PI,EB,CG,BB,ASI
PI,EB,CG,BC,ASI
PI,EB,CG,BD,ASI
PI,EC,CA,BA,ASC
PI,EC,CA,BB,ASC
PI,EC,CA,BC,ASC
PI,EC,CA,BD,ASC
PI,EC,CB,BA,ASD
PI,EC,CB,BB,ASD
PI,EC,CB,BC,ASD
PI,EC,CB,BD,ASD
PI,EC,CC,BA,ASE
PI,EC,CC,BB,ASE
PI,EC,CC,BC,ASE
PI,EC,CC,BD,ASE
PI,EC,CD,BA,ASF
PI,EC,CD,BB,ASF
PI,EC,CD,BC,ASF
PI,EC,CD,BD,ASF
PI,EC,CE,BA,ASG
PI,EC,CE,BB,ASG
PI,EC,CE,BC,ASG
PI,EC,CE,BD,ASG
PI,EC,CF,BA,ASH
PI,EC,CF,BB,ASH
PI,EC,CF,BC,ASH
PI,EC,CF,BD,ASH
PI,EC,CG,BA,ASI
PI,EC,CG,BB,ASI
PI,EC,CG,BC,ASI
PI,EC,CG,BD,ASI
PI,ED,CA,BA,ASC
PI,ED,CA,BB,ASC
PI,ED,CA,BC,ASC
PI,ED,CA,BD,ASC
PI,ED,CB,BA,ASD
PI,ED,CB,BB,ASD
PI,ED,CB,BC,ASD
PI,ED,CB,BD,ASD
PI,ED,CC,BA,ASE
PI,ED,CC,BB,ASE
PI,ED,CC,BC,ASE
PI,ED,CC,BD,ASE
PI,ED,CD,BA,ASF
PI,ED,CD,BB,ASF
PI,ED,CD,BC,ASF
PI,ED,CD,BD,ASF
PI,ED,CE,BA,ASG
PI,ED,CE,BB,ASG
PI,ED,CE,BC,ASG
PI,ED,CE,BD,ASG
PI,ED,CF,BA,ASH
PI,ED,CF,BB,ASH
PI,ED,CF,BC,ASH
PI,ED,CF,BD,ASH
PI,ED,CG,BA,ASI
PI,ED,CG,BB,ASI
PI,ED,CG,BC,ASI
PI,ED,CG,BD,ASI
PI,EE,CA,BA,ASD
PI,EE,CA,BB,ASD
PI,EE,CA,BC,ASD
PI,EE,CA,BD,ASD
PI,EE,CB,BA,ASE
PI,EE,CB,BB,ASE
PI,EE,CB,BC,ASE
PI,EE,CB,BD,ASE
PI,EE,CC,BA,ASF
PI,EE,CC,BB,ASF
PI,EE,CC,BC,ASF
PI,EE,CC,BD,ASF
PI,EE,CD,BA,ASG
PI,EE,CD,BB,ASG
PI,EE,CD,BC,ASG
PI,EE,CD,BD,ASG
PI,EE,CE,BA,ASH
PI,EE,CE,BB,ASH
PI,EE,CE,BC,ASH
PI,EE,CE,BD,ASH
PI,EE,CF,BA,ASI
PI,EE,CF,BB,ASI
PI,EE,CF,BC,ASI
PI,EE,CF,BD,ASI
PI,EE,CG,BA,ASJ
PI,EE,CG,BB,ASJ
PI,EE,CG,BC,ASJ
PI,EE,CG,BD,ASJ
PI,EF,CA,BA,ASD
PI,EF,CA,BB,ASD
PI,EF,CA,BC,ASD
PI,EF,CA,BD,ASD
PI,EF,CB,BA,ASE
PI,EF,CB,BB,ASE
PI,EF,CB,BC,ASE
PI,EF,CB,BD,ASE
PI,EF,CC,BA,ASF
PI,EF,CC,BB,ASF
PI,EF,CC,BC,ASF
PI,EF,CC,BD,ASF
PI,EF,CD,BA,ASG
PI,EF,CD,BB,ASG
PI,EF,CD,BC,ASG
PI,EF,CD,BD,ASG
PI,EF,CE,BA,ASH
PI,EF,CE,BB,ASH
PI,EF,CE,BC,ASH
PI,EF,CE,BD,ASH
PI,EF,CF,BA,ASI
PI,EF,CF,BB,ASI
PI,EF,CF,BC,ASI
PI,EF,CF,BD,ASI
PI,EF,CG,BA,ASJ
PI,EF,CG,BB,ASJ
PI,EF,CG,BC,ASJ
PI,EF,CG,BD,ASJ
PI,EG,CA,BA,ASD
PI,EG,CA,BB,ASD
PI,EG,CA,BC,ASD
PI,EG,CA,BD,ASD
PI,EG,CB,BA,ASE
PI,EG,CB,BB,ASE
PI,EG,CB,BC,ASE
PI,EG,CB,BD,ASE
PI,EG,CC,BA,ASF
PI,EG,CC,BB,ASF
PI,EG,CC,BC,ASF
PI,EG,CC,BD,ASF
PI,EG,CD,BA,ASG
PI,EG,CD,BB,ASG
PI,EG,CD,BC,ASG
PI,EG,CD,BD,ASG
PI,EG,CE,BA,ASH
PI,EG,CE,BB,ASH
PI,EG,CE,BC,ASH
PI,EG,CE,BD,ASH
PI,EG,CF,BA,ASI
PI,EG,CF,BB,ASI
PI,EG,CF,BC,ASI
PI,EG,CF,BD,ASI
PI,EG,CG,BA,ASJ
PI,EG,CG,BB,ASJ
PI,EG,CG,BC,ASJ
PI,EG,CG,BD,ASJ
PI,EH,CA,BA,ASE
PI,EH,CA,BB,ASE
PI,EH,CA,BC,ASE
PI,EH,CA,BD,ASE
PI,EH,CB,BA,ASF
PI,EH,CB,BB,ASF
PI,EH,CB,BC,ASF
PI,EH,CB,BD,ASF
PI,EH,CC,BA,ASG
PI,EH,CC,BB,ASG
PI,EH,CC,BC,ASG
PI,EH,CC,BD,ASG
PI,EH,CD,BA,ASH
PI,EH,CD,BB,ASH
PI,EH,CD,BC,ASH
PI,EH,CD,BD,ASH
PI,EH,CE,BA,ASI
PI,EH,CE,BB,ASI
PI,EH,CE,BC,ASI
PI,EH,CE,BD,ASI
PI,EH,CF,BA,ASJ
PI,EH,CF,BB,ASJ
PI,EH,CF,BC,ASJ
PI,EH,CF,BD,ASJ
PI,EH,CG,BA,ASK
PI,EH,CG,BB,ASK
PI,EH,CG,BC,ASK
PI,EH,CG,BD,ASK
PJ,EA,CA,BA,ASC
PJ,EA,CA,BB,ASC
PJ,EA,CA,BC,ASC
PJ,EA,CA,BD,ASC
PJ,EA,CB,BA,ASD
PJ,EA,CB,BB,ASD
PJ,EA,CB,BC,ASD
PJ,EA,CB,BD,ASD
PJ,EA,CC,BA,ASE
PJ,EA,CC,BB,ASE
PJ,EA,CC,BC,ASE
PJ,EA,CC,BD,ASE
PJ,EA,CD,BA,ASF
PJ,EA,CD,BB,ASF
PJ,EA,CD,BC,ASF
PJ,EA,CD,BD,ASF
PJ,EA,CE,BA,ASG
PJ,EA,CE,BB,ASG
PJ,EA,CE,BC,ASG
PJ,EA,CE,BD,ASG
PJ,EA,CF,BA,ASH
PJ,EA,CF,BB,ASH
PJ,EA,CF,BC,ASH
PJ,EA,CF,BD,ASH
PJ,EA,CG,BA,ASI
PJ,EA,CG,BB,ASI
PJ,EA,CG,BC,ASI
PJ,EA,CG,BD,ASI
PJ,EB,CA,BA,ASD
PJ,EB,CA,BB,ASD
PJ,EB,CA,BC,ASD
PJ,EB,CA,BD,ASD
PJ,EB,CB,BA,ASE
PJ,EB,CB,BB,ASE
PJ,EB,CB,BC,ASE
PJ,EB,CB,BD,ASE
PJ,EB,CC,BA,ASF
PJ,EB,CC,BB,ASF
PJ,EB,CC,BC,ASF
PJ,EB,CC,BD,ASF
PJ,EB,CD,BA,ASG
PJ,EB,CD,BB,ASG
PJ,EB,CD,BC,ASG
PJ,EB,CD,BD,ASG
PJ,EB,CE,BA,ASH
PJ,EB,CE,BB,ASH
PJ,EB,CE,BC,ASH
PJ,EB,CE,BD,ASH
PJ,EB,CF,BA,ASI
PJ,EB,CF,BB,ASI
PJ,EB,CF,BC,ASI
PJ,EB,CF,BD,ASI
PJ,EB,CG,BA,ASJ
PJ,EB,CG,BB,ASJ
PJ,EB,CG,BC,ASJ
PJ,EB,CG,BD,ASJ
PJ,EC,CA,BA,ASD
PJ,EC,CA,BB,ASD
PJ,EC,CA,BC,ASD
PJ,EC,CA,BD,ASD
PJ,EC,CB,BA,ASE
PJ,EC,CB,BB,ASE
PJ,EC,CB,BC,ASE
PJ,EC,CB,BD,ASE
PJ,EC,CC,BA,ASF
PJ,EC,CC,BB,ASF
PJ,EC,CC,BC,ASF
PJ,EC,CC,BD,ASF
PJ,EC,CD,BA,ASG
PJ,EC,CD,BB,ASG
PJ,EC,CD,BC,ASG
PJ,EC,CD,BD,ASG
PJ,EC,CE,BA,ASH
PJ,EC,CE,BB,ASH
PJ,EC,CE,BC,ASH
PJ,EC,CE,BD,ASH
PJ,EC,CF,BA,ASI
PJ,EC,CF,BB,ASI
PJ,EC,CF,BC,ASI
PJ,EC,CF,BD,ASI
PJ,EC,CG,BA,ASJ
PJ,EC,CG,BB,ASJ
PJ,EC,CG,BC,ASJ
PJ,EC,CG,BD,ASJ
PJ,ED,CA,BA,ASD
PJ,ED,CA,BB,ASD
PJ,ED,CA,BC,ASD
PJ,ED,CA,BD,ASD
PJ,ED,CB,BA,ASE
PJ,ED,CB,BB,ASE
PJ,ED,CB,BC,ASE
PJ,ED,CB,BD,ASE
PJ,ED,CC,BA,ASF
PJ,ED,CC,BB,ASF
PJ,ED,CC,BC,ASF
PJ,ED,CC,BD,ASF
PJ,ED,CD,BA,ASG
PJ,ED,CD,BB,ASG
PJ,ED,CD,BC,ASG
PJ,ED,CD,BD,ASG
PJ,ED,CE,BA,ASH
PJ,ED,CE,BB,ASH
PJ,ED,CE,BC,ASH
PJ,ED,CE,BD,ASH
PJ,ED,CF,BA,ASI
PJ,ED,CF,BB,ASI
PJ,ED,CF,BC,ASI
PJ,ED,CF,BD,ASI
PJ,ED,CG,BA,ASJ
PJ,ED,CG,BB,ASJ
PJ,ED,CG,BC,ASJ
PJ,ED,CG,BD,ASJ
PJ,EE,CA,BA,ASE
PJ,EE,CA,BB,ASE
PJ,EE,CA,BC,ASE
PJ,EE,CA,BD,ASE
PJ,EE,CB,BA,ASF
PJ,EE,CB,BB,ASF
PJ,EE,CB,BC,ASF
PJ,EE,CB,BD,ASF
PJ,EE,CC,BA,ASG
PJ,EE,CC,BB,ASG
PJ,EE,CC,BC,ASG
PJ,EE,CC,BD,ASG
PJ,EE,CD,BA,ASH
PJ,EE,CD,BB,ASH
PJ,EE,CD,BC,ASH
PJ,EE,CD,BD,ASH
PJ,EE,CE,BA,ASI
PJ,EE,CE,BB,ASI
PJ,EE,CE,BC,ASI
PJ,EE,CE,BD,ASI
PJ,EE,CF,BA,ASJ
PJ,EE,CF,BB,ASJ
PJ,EE,CF,BC,ASJ
PJ,EE,CF,BD,ASJ
PJ,EE,CG,BA,ASK
PJ,EE,CG,BB,ASK
PJ,EE,CG,BC,ASK
PJ,EE,CG,BD,ASK
PJ,EF,CA,BA,ASE
PJ,EF,CA,BB,ASE
PJ,EF,CA,BC,ASE
PJ,EF,CA,BD,ASE
PJ,EF,CB,BA,ASF
PJ,EF,CB,BB,ASF
PJ,EF,CB,BC,ASF
PJ,EF,CB,BD,ASF
PJ,EF,CC,BA,ASG
PJ,EF,CC,BB,ASG
PJ,EF,CC,BC,ASG
PJ,EF,CC,BD,ASG
PJ,EF,CD,BA,ASH
PJ,EF,CD,BB,ASH
PJ,EF,CD,BC,ASH
PJ,EF,CD,BD,ASH
PJ,EF,CE,BA,ASI
PJ,EF,CE,BB,ASI
PJ,EF,CE,BC,ASI
PJ,EF,CE,BD,ASI
PJ,EF,CF,BA,ASJ
PJ,EF,CF,BB,ASJ
PJ,EF,CF,BC,ASJ
PJ,EF,CF,BD,ASJ
PJ,EF,CG,BA,ASK
PJ,EF,CG,BB,ASK
PJ,EF,CG,BC,ASK
PJ,EF,CG,BD,ASK
PJ,EG,CA,BA,ASE
PJ,EG,CA,BB,ASE
PJ,EG,CA,BC,ASE
PJ,EG,CA,BD,ASE
PJ,EG,CB,BA,ASF
PJ,EG,CB,BB,ASF
PJ,EG,CB,BC,ASF
PJ,EG,CB,BD,ASF
PJ,EG,CC,BA,ASG
PJ,EG,CC,BB,ASG
PJ,EG,CC,BC,ASG
PJ,EG,CC,BD,ASG
PJ,EG,CD,BA,ASH
PJ,EG,CD,BB,ASH
PJ,EG,CD,BC,ASH
PJ,EG,CD,BD,ASH
PJ,EG,CE,BA,ASI
PJ,EG,CE,BB,ASI
PJ,EG,CE,BC,ASI
PJ,EG,CE,BD,ASI
PJ,EG,CF,BA,ASJ
PJ,EG,CF,BB,ASJ
PJ,EG,CF,BC,ASJ
PJ,EG,CF,BD,ASJ
PJ,EG,CG,BA,ASK
PJ,EG,CG,BB,ASK
PJ,EG,CG,BC,ASK
PJ,EG,CG,BD,ASK
PJ,EH,CA,BA,ASF
PJ,EH,CA,BB,ASF
PJ,EH,CA,BC,ASF
PJ,EH,CA,BD,ASF
PJ,EH,CB,BA,ASG
PJ,EH,CB,BB,ASG
PJ,EH,CB,BC,ASG
PJ,EH,CB,BD,ASG
PJ,EH,CC,BA,ASH
PJ,EH,CC,BB,ASH
PJ,EH,CC,BC,ASH
PJ,EH,CC,BD,ASH
PJ,EH,CD,BA,ASI
PJ,EH,CD,BB,ASI
PJ,EH,CD,BC,ASI
PJ,EH,CD,BD,ASI
PJ,EH,CE,BA,ASJ
PJ,EH,CE,BB,ASJ
PJ,EH,CE,BC,ASJ
PJ,EH,CE,BD,ASJ
PJ,EH,CF,BA,ASK
PJ,EH,CF,BB,ASK
PJ,EH,CF,BC,ASK
PJ,EH,CF,BD,ASK
PJ,EH,CG,BA,ASL
PJ,EH,CG,BB,ASL
PJ,EH,CG,BC,ASL
PJ,EH,CG,BD,ASL
PK,EA,CA,BA,ASD
PK,EA,CA,BB,ASD
PK,EA,CA,BC,ASD
PK,EA,CA,BD,ASD
PK,EA,CB,BA,ASE
PK,EA,CB,BB,ASE
PK,EA,CB,BC,ASE
PK,EA,CB,BD,ASE
PK,EA,CC,BA,ASF
PK,EA,CC,BB,ASF
PK,EA,CC,BC,ASF
PK,EA,CC,BD,ASF
PK,EA,CD,BA,ASG
PK,EA,CD,BB,ASG
PK,EA,CD,BC,ASG
PK,EA,CD,BD,ASG
PK,EA,CE,BA,ASH
PK,EA,CE,BB,ASH
PK,EA,CE,BC,ASH
PK,EA,CE,BD,ASH
PK,EA,CF,BA,ASI
PK,EA,CF,BB,ASI
PK,EA,CF,BC,ASI
PK,EA,CF,BD,ASI
PK,EA,CG,BA,ASJ
PK,EA,CG,BB,ASJ
PK,EA,CG,BC,ASJ
PK,EA,CG,BD,ASJ
PK,EB,CA,BA,ASE
PK,EB,CA,BB,ASE
PK,EB,CA,BC,ASE
PK,EB,CA,BD,ASE
PK,EB,CB,BA,ASF
PK,EB,CB,BB,ASF
PK,EB,CB,BC,ASF
PK,EB,CB,BD,ASF
PK,EB,CC,BA,ASG
PK,EB,CC,BB,ASG
PK,EB,CC,BC,ASG
PK,EB,CC,BD,ASG
PK,EB,CD,BA,ASH
PK,EB,CD,BB,ASH
PK,EB,CD,BC,ASH
PK,EB,CD,BD,ASH
PK,EB,CE,BA,ASI
PK,EB,CE,BB,ASI
PK,EB,CE,BC,ASI
PK,EB,CE,BD,ASI
PK,EB,CF,BA,ASJ
PK,EB,CF,BB,ASJ
PK,EB,CF,BC,ASJ
PK,EB,CF,BD,ASJ
PK,EB,CG,BA,ASK
PK,EB,CG,BB,ASK
PK,EB,CG,BC,ASK
PK,EB,CG,BD,ASK
PK,EC,CA,BA,ASE
PK,EC,CA,BB,ASE
PK,EC,CA,BC,ASE
PK,EC,CA,BD,ASE
PK,EC,CB,BA,ASF
PK,EC,CB,BB,ASF
PK,EC,CB,BC,ASF
PK,EC,CB,BD,ASF
PK,EC,CC,BA,ASG
PK,EC,CC,BB,ASG
PK,EC,CC,BC,ASG
PK,EC,CC,BD,ASG
PK,EC,CD,BA,ASH
PK,EC,CD,BB,ASH
PK,EC,CD,BC,ASH
PK,EC,CD,BD,ASH
PK,EC,CE,BA,ASI
PK,EC,CE,BB,ASI
PK,EC,CE,BC,ASI
PK,EC,CE,BD,ASI
PK,EC,CF,BA,ASJ
PK,EC,CF,BB,ASJ
PK,EC,CF,BC,ASJ
PK,EC,CF,BD,ASJ
PK,EC,CG,BA,ASK
PK,EC,CG,BB,ASK
PK,EC,CG,BC,ASK
PK,EC,CG,BD,ASK
PK,ED,CA,BA,ASE
PK,ED,CA,BB,ASE
PK,ED,CA,BC,ASE
PK,ED,CA,BD,ASE
PK,ED,CB,BA,ASF
PK,ED,CB,BB,ASF
PK,ED,CB,BC,ASF
PK,ED,CB,BD,ASF
PK,ED,CC,BA,ASG
PK,ED,CC,BB,ASG
PK,ED,CC,BC,ASG
PK,ED,CC,BD,ASG
PK,ED,CD,BA,ASH
PK,ED,CD,BB,ASH
PK,ED,CD,BC,ASH
PK,ED,CD,BD,ASH
PK,ED,CE,BA,ASI
PK,ED,CE,BB,ASI
PK,ED,CE,BC,ASI
PK,ED,CE,BD,ASI
PK,ED,CF,BA,ASJ
PK,ED,CF,BB,ASJ
PK,ED,CF,BC,ASJ
PK,ED,CF,BD,ASJ
PK,ED,CG,BA,ASK
PK,ED,CG,BB,ASK
PK,ED,CG,BC,ASK
PK,ED,CG,BD,ASK
PK,EE,CA,BA,ASF
PK,EE,CA,BB,ASF
PK,EE,CA,BC,ASF
PK,EE,CA,BD,ASF
PK,EE,CB,BA,ASG
PK,EE,CB,BB,ASG
PK,EE,CB,BC,ASG
PK,EE,CB,BD,ASG
PK,EE,CC,BA,ASH
PK,EE,CC,BB,ASH
PK,EE,CC,BC,ASH
PK,EE,CC,BD,ASH
PK,EE,CD,BA,ASI
PK,EE,CD,BB,ASI
PK,EE,CD,BC,ASI
PK,EE,CD,BD,ASI
PK,EE,CE,BA,ASJ
PK,EE,CE,BB,ASJ
PK,EE,CE,BC,ASJ
PK,EE,CE,BD,ASJ
PK,EE,CF,BA,ASK
PK,EE,CF,BB,ASK
PK,EE,CF,BC,ASK
PK,EE,CF,BD,ASK
PK,EE,CG,BA,ASL
PK,EE,CG,BB,ASL
PK,EE,CG,BC,ASL
PK,EE,CG,BD,ASL
PK,EF,CA,BA,ASF
PK,EF,CA,BB,ASF
PK,EF,CA,BC,ASF
PK,EF,CA,BD,ASF
PK,EF,CB,BA,ASG
PK,EF,CB,BB,ASG
PK,EF,CB,BC,ASG
PK,EF,CB,BD,ASG
PK,EF,CC,BA,ASH
PK,EF,CC,BB,ASH
PK,EF,CC,BC,ASH
PK,EF,CC,BD,ASH
PK,EF,CD,BA,ASI
PK,EF,CD,BB,ASI
PK,EF,CD,BC,ASI
PK,EF,CD,BD,ASI
PK,EF,CE,BA,ASJ
PK,EF,CE,BB,ASJ
PK,EF,CE,BC,ASJ
PK,EF,CE,BD,ASJ
PK,EF,CF,BA,ASK
PK,EF,CF,BB,ASK
PK,EF,CF,BC,ASK
PK,EF,CF,BD,ASK
PK,EF,CG,BA,ASL
PK,EF,CG,BB,ASL
PK,EF,CG,BC,ASL
PK,EF,CG,BD,ASL
PK,EG,CA,BA,ASF
PK,EG,CA,BB,ASF
PK,EG,CA,BC,ASF
PK,EG,CA,BD,ASF
PK,EG,CB,BA,ASG
PK,EG,CB,BB,ASG
PK,EG,CB,BC,ASG
PK,EG,CB,BD,ASG
PK,EG,CC,BA,ASH
PK,EG,CC,BB,ASH
PK,EG,CC,BC,ASH
PK,EG,CC,BD,ASH
PK,EG,CD,BA,ASI
PK,EG,CD,BB,ASI
PK,EG,CD,BC,ASI
PK,EG,CD,BD,ASI
PK,EG,CE,BA,ASJ
PK,EG,CE,BB,ASJ
PK,EG,CE,BC,ASJ
PK,EG,CE,BD,ASJ
PK,EG,CF,BA,ASK
PK,EG,CF,BB,ASK
PK,EG,CF,BC,ASK
PK,EG,CF,BD,ASK
PK,EG,CG,BA,ASL
PK,EG,CG,BB,ASL
PK,EG,CG,BC,ASL
PK,EG,CG,BD,ASL
PK,EH,CA,BA,ASG
PK,EH,CA,BB,ASG
PK,EH,CA,BC,ASG
PK,EH,CA,BD,ASG
PK,EH,CB,BA,ASH
PK,EH,CB,BB,ASH
PK,EH,CB,BC,ASH
PK,EH,CB,BD,ASH
PK,EH,CC,BA,ASI
PK,EH,CC,BB,ASI
PK,EH,CC,BC,ASI
PK,EH,CC,BD,ASI
PK,EH,CD,BA,ASJ
PK,EH,CD,BB,ASJ
PK,EH,CD,BC,ASJ
PK,EH,CD,BD,ASJ
PK,EH,CE,BA,ASK
PK,EH,CE,BB,ASK
PK,EH,CE,BC,ASK
PK,EH,CE,BD,ASK
PK,EH,CF,BA,ASL
PK,EH,CF,BB,ASL
PK,EH,CF,BC,ASL
PK,EH,CF,BD,ASL
PK,EH,CG,BA,ASM
PK,EH,CG,BB,ASM
PK,EH,CG,BC,ASM
PK,EH,CG,BD,ASM
PL,EA,CA,BA,ASD
PL,EA,CA,BB,ASD
PL,EA,CA,BC,ASD
PL,EA,CA,BD,ASD
PL,EA,CB,BA,ASE
PL,EA,CB,BB,ASE
PL,EA,CB,BC,ASE
PL,EA,CB,BD,ASE
PL,EA,CC,BA,ASF
PL,EA,CC,BB,ASF
PL,EA,CC,BC,ASF
PL,EA,CC,BD,ASF
PL,EA,CD,BA,ASG
PL,EA,CD,BB,ASG
PL,EA,CD,BC,ASG
PL,EA,CD,BD,ASG
PL,EA,CE,BA,ASH
PL,EA,CE,BB,ASH
PL,EA,CE,BC,ASH
PL,EA,CE,BD,ASH
PL,EA,CF,BA,ASI
PL,EA,CF,BB,ASI
PL,EA,CF,BC,ASI
PL,EA,CF,BD,ASI
PL,EA,CG,BA,ASJ
PL,EA,CG,BB,ASJ
PL,EA,CG,BC,ASJ
PL,EA,CG,BD,ASJ
PL,EB,CA,BA,ASE
PL,EB,CA,BB,ASE
PL,EB,CA,BC,ASE
PL,EB,CA,BD,ASE
PL,EB,CB,BA,ASF
PL,EB,CB,BB,ASF
PL,EB,CB,BC,ASF
PL,EB,CB,BD,ASF
PL,EB,CC,BA,ASG
PL,EB,CC,BB,ASG
PL,EB,CC,BC,ASG
PL,EB,CC,BD,ASG
PL,EB,CD,BA,ASH
PL,EB,CD,BB,ASH
PL,EB,CD,BC,ASH
PL,EB,CD,BD,ASH
PL,EB,CE,BA,ASI
PL,EB,CE,BB,ASI
PL,EB,CE,BC,ASI
PL,EB,CE,BD,ASI
PL,EB,CF,BA,ASJ
PL,EB,CF,BB,ASJ
PL,EB,CF,BC,ASJ
PL,EB,CF,BD,ASJ
PL,EB,CG,BA,ASK
PL,EB,CG,BB,ASK
PL,EB,CG,BC,ASK
PL,EB,CG,BD,ASK
PL,EC,CA,BA,ASE
PL,EC,CA,BB,ASE
PL,EC,CA,BC,ASE
PL,EC,CA,BD,ASE
PL,EC,CB,BA,ASF
PL,EC,CB,BB,ASF
PL,EC,CB,BC,ASF
PL,EC,CB,BD,ASF
PL,EC,CC,BA,ASG
PL,EC,CC,BB,ASG
PL,EC,CC,BC,ASG
PL,EC,CC,BD,ASG
PL,EC,CD,BA,ASH
PL,EC,CD,BB,ASH
PL,EC,CD,BC,ASH
PL,EC,CD,BD,ASH
PL,EC,CE,BA,ASI
PL,EC,CE,BB,ASI
PL,EC,CE,BC,ASI
PL,EC,CE,BD,ASI
PL,EC,CF,BA,ASJ
PL,EC,CF,BB,ASJ
PL,EC,CF,BC,ASJ
PL,EC,CF,BD,ASJ
PL,EC,CG,BA,ASK
PL,EC,CG,BB,ASK
PL,EC,CG,BC,ASK
PL,EC,CG,BD,ASK
PL,ED,CA,BA,ASE
PL,ED,CA,BB,ASE
PL,ED,CA,BC,ASE
PL,ED,CA,BD,ASE
PL,ED,CB,BA,ASF
PL,ED,CB,BB,ASF
PL,ED,CB,BC,ASF
PL,ED,CB,BD,ASF
PL,ED,CC,BA,ASG
PL,ED,CC,BB,ASG
PL,ED,CC,BC,ASG
PL,ED,CC,BD,ASG
PL,ED,CD,BA,ASH
PL,ED,CD,BB,ASH
PL,ED,CD,BC,ASH
PL,ED,CD,BD,ASH
PL,ED,CE,BA,ASI
PL,ED,CE,BB,ASI
PL,ED,CE,BC,ASI
PL,ED,CE,BD,ASI
PL,ED,CF,BA,ASJ
PL,ED,CF,BB,ASJ
PL,ED,CF,BC,ASJ
PL,ED,CF,BD,ASJ
PL,ED,CG,BA,ASK
PL,ED,CG,BB,ASK
PL,ED,CG,BC,ASK
PL,ED,CG,BD,ASK
PL,EE,CA,BA,ASF
PL,EE,CA,BB,ASF
PL,EE,CA,BC,ASF
PL,EE,CA,BD,ASF
PL,EE,CB,BA,ASG
PL,EE,CB,BB,ASG
PL,EE,CB,BC,ASG
PL,EE,CB,BD,ASG
PL,EE,CC,BA,ASH
PL,EE,CC,BB,ASH
PL,EE,CC,BC,ASH
PL,EE,CC,BD,ASH
PL,EE,CD,BA,ASI
PL,EE,CD,BB,ASI
PL,EE,CD,BC,ASI
PL,EE,CD,BD,ASI
PL,EE,CE,BA,ASJ
PL,EE,CE,BB,ASJ
PL,EE,CE,BC,ASJ
PL,EE,CE,BD,ASJ
PL,EE,CF,BA,ASK
PL,EE,CF,BB,ASK
PL,EE,CF,BC,ASK
PL,EE,CF,BD,ASK
PL,EE,CG,BA,ASL
PL,EE,CG,BB,ASL
PL,EE,CG,BC,ASL
PL,EE,CG,BD,ASL
PL,EF,CA,BA,ASF
PL,EF,CA,BB,ASF
PL,EF,CA,BC,ASF
PL,EF,CA,BD,ASF
PL,EF,CB,BA,ASG
PL,EF,CB,BB,ASG
PL,EF,CB,BC,ASG
PL,EF,CB,BD,ASG
PL,EF,CC,BA,ASH
PL,EF,CC,BB,ASH
PL,EF,CC,BC,ASH
PL,EF,CC,BD,ASH
PL,EF,CD,BA,ASI
PL,EF,CD,BB,ASI
PL,EF,CD,BC,ASI
PL,EF,CD,BD,ASI
PL,EF,CE,BA,ASJ
PL,EF,CE,BB,ASJ
PL,EF,CE,BC,ASJ
PL,EF,CE,BD,ASJ
PL,EF,CF,BA,ASK
PL,EF,CF,BB,ASK
PL,EF,CF,BC,ASK
PL,EF,CF,BD,ASK
PL,EF,CG,BA,ASL
PL,EF,CG,BB,ASL
PL,EF,CG,BC,ASL
PL,EF,CG,BD,ASL
PL,EG,CA,BA,ASF
PL,EG,CA,BB,ASF
PL,EG,CA,BC,ASF
PL,EG,CA,BD,ASF
PL,EG,CB,BA,ASG
PL,EG,CB,BB,ASG
PL,EG,CB,BC,ASG
PL,EG,CB,BD,ASG
PL,EG,CC,BA,ASH
PL,EG,CC,BB,ASH
PL,EG,CC,BC,ASH
PL,EG,CC,BD,ASH
PL,EG,CD,BA,ASI
PL,EG,CD,BB,ASI
PL,EG,CD,BC,ASI
PL,EG,CD,BD,ASI
PL,EG,CE,BA,ASJ
PL,EG,CE,BB,ASJ
PL,EG,CE,BC,ASJ
PL,EG,CE,BD,ASJ
PL,EG,CF,BA,ASK
PL,EG,CF,BB,ASK
PL,EG,CF,BC,ASK
PL,EG,CF,BD,ASK
PL,EG,CG,BA,ASL
PL,EG,CG,BB,ASL
PL,EG,CG,BC,ASL
PL,EG,CG,BD,ASL
PL,EH,CA,BA,ASG
PL,EH,CA,BB,ASG
PL,EH,CA,BC,ASG
PL,EH,CA,BD,ASG
PL,EH,CB,BA,ASH
PL,EH,CB,BB,ASH
PL,EH,CB,BC,ASH
PL,EH,CB,BD,ASH
PL,EH,CC,BA,ASI
PL,EH,CC,BB,ASI
PL,EH,CC,BC,ASI
PL,EH,CC,BD,ASI
PL,EH,CD,BA,ASJ
PL,EH,CD,BB,ASJ
PL,EH,CD,BC,ASJ
PL,EH,CD,BD,ASJ
PL,EH,CE,BA,ASK
PL,EH,CE,BB,ASK
PL,EH,CE,BC,ASK
PL,EH,CE,BD,ASK
PL,EH,CF,BA,ASL
PL,EH,CF,BB,ASL
PL,EH,CF,BC,ASL
PL,EH,CF,BD,ASL
PL,EH,CG,BA,ASM
PL,EH,CG,BB,ASM
PL,EH,CG,BC,ASM
PL,EH,CG,BD,ASM
